,Unnamed: 0.2,Unnamed: 0.1,Unnamed: 0,DATE,house_price,gdp_growth,house_inventory,Diff_house_inventory,inflation,material_cost,mortgage_rate,population_growth,shares,Unemployment,vacancy_rate,Total,1 unit,2 to 4,5 units,5 ratio,house_price_diff,rent_price
0,0,0,0,2003-01-01,128.461,2.795605965883,0.0,0.0,4.9,0.0,5.916,0.859481712840946,855.7,0.0,9.4,113.3,90.1,3.4,19.8,0.174757281553398,,203.3
1,1,1,1,2003-02-01,129.356,2.795605965883,0.0,0.0,5.6,0.0,5.8425,0.859481712840946,841.15,0.0,9.466666666666669,115.7,92.3,1.7,21.7,0.1875540190146931,0.8949999999999818,203.7
2,2,2,2,2003-03-01,130.148,2.795605965883,0.0,0.0,5.4,0.0,5.745,0.859481712840946,848.18,0.0,9.533333333333331,125.4,101.0,3.5,20.9,0.1666666666666666,0.7920000000000016,204.1
3,3,3,3,2003-04-01,130.885,2.795605965883,0.0,0.0,3.9,0.0,5.8125,0.859481712840946,916.92,0.0,9.6,129.5,105.2,3.1,21.3,0.1644787644787644,0.7369999999999948,204.5
4,4,4,4,2003-05-01,131.735,2.795605965883,0.0,0.0,3.4,0.0,5.484,0.859481712840946,963.59,0.0,9.7,142.9,113.4,2.6,26.9,0.1882435269419174,0.8500000000000227,204.9
5,5,5,5,2003-06-01,132.649,2.795605965883,0.0,0.0,3.5,0.0,5.23,0.859481712840946,974.5,0.0,9.8,144.2,117.1,2.3,24.8,0.1719833564493758,0.9139999999999872,205.1
6,6,6,6,2003-07-01,133.77700000000002,2.795605965883,0.0,0.0,3.7,0.0,5.6325,0.859481712840946,990.31,0.0,9.9,141.6,117.5,2.7,21.4,0.1511299435028248,1.1280000000000143,205.6
7,7,7,7,2003-08-01,134.968,2.795605965883,0.0,0.0,4.0,0.0,6.264,0.859481712840946,1008.01,0.0,10.0,143.2,117.1,2.1,24.0,0.1675977653631285,1.190999999999974,206.1
8,8,8,8,2003-09-01,136.29399999999998,2.795605965883,0.0,0.0,4.3,0.0,6.1475,0.859481712840946,995.97,0.0,10.1,152.5,126.6,3.7,22.1,0.1449180327868852,1.3259999999999934,206.6
9,9,9,9,2003-10-01,137.532,2.795605965883,0.0,0.0,3.7,0.0,5.952,0.859481712840946,1050.71,0.0,10.2,155.4,135.2,1.7,18.5,0.119047619047619,1.238000000000028,206.9
10,10,10,10,2003-11-01,138.795,2.795605965883,0.0,0.0,3.5,0.0,5.9325,0.859481712840946,1058.2,0.0,10.266666666666666,148.5,129.4,1.8,17.3,0.1164983164983165,1.2629999999999768,207.5
11,11,11,11,2003-12-01,140.18,2.795605965883,0.0,0.0,3.7,100.0,5.876,0.859481712840946,1111.92,0.0,10.333333333333334,166.4,141.4,3.0,22.0,0.1322115384615384,1.385000000000019,207.9
12,12,12,12,2004-01-01,141.64700000000002,3.84777169205226,0.0,0.0,3.7,102.5,5.7125,0.925483968943482,1131.13,0.0,10.4,118.6,99.4,0.9,18.2,0.1534569983136593,1.467000000000013,208.3
13,13,13,13,2004-02-01,143.192,3.84777169205226,0.0,0.0,3.1,104.1,5.635,0.925483968943482,1144.94,0.0,10.333333333333334,119.5,101.2,2.1,16.2,0.1355648535564853,1.5449999999999875,208.8
14,14,14,14,2004-03-01,145.058,3.84777169205226,0.0,0.0,3.2,105.1,5.445,0.925483968943482,1126.21,0.0,10.266666666666666,137.0,115.1,1.5,20.4,0.148905109489051,1.8659999999999848,209.2
15,15,15,15,2004-04-01,146.592,3.84777169205226,0.0,0.0,4.2,108.6,5.83,0.925483968943482,1107.3,0.0,10.2,152.0,129.0,1.7,21.3,0.1401315789473684,1.5340000000000202,209.7
16,16,16,16,2004-05-01,148.186,3.84777169205226,0.0,0.0,5.3,107.7,6.27,0.925483968943482,1120.68,0.0,10.166666666666666,159.5,125.1,1.9,32.5,0.2037617554858934,1.593999999999994,210.2
17,17,17,17,2004-06-01,149.851,3.84777169205226,0.0,0.0,5.8,108.7,6.2875,0.925483968943482,1140.84,5.6,10.133333333333333,162.1,130.4,2.2,29.5,0.1819864281307834,1.664999999999992,210.7
18,18,18,18,2004-07-01,151.338,3.84777169205226,0.0,0.0,5.4,113.1,6.056,0.925483968943482,1101.72,5.5,10.1,159.0,127.8,3.0,28.2,0.1773584905660377,1.4869999999999948,211.2
19,19,19,19,2004-08-01,152.634,3.84777169205226,0.0,0.0,4.7,112.5,5.8675,0.925483968943482,1104.24,5.4,10.066666666666666,176.6,137.2,2.0,37.4,0.2117780294450736,1.2959999999999925,211.9
20,20,20,20,2004-09-01,154.18,3.84777169205226,0.0,0.0,4.7,115.5,5.754,0.925483968943482,1114.58,5.4,10.033333333333331,158.2,136.2,1.7,20.3,0.1283185840707964,1.5460000000000207,212.4
21,21,21,21,2004-10-01,155.752,3.84777169205226,0.0,0.0,5.9,110.6,5.7225,0.925483968943482,1130.2,5.5,10.0,165.1,140.7,2.4,22.0,0.1332525741974561,1.5720000000000027,212.8
22,22,22,22,2004-11-01,157.528,3.84777169205226,0.0,0.0,6.7,108.4,5.73,0.925483968943482,1173.82,5.4,10.033333333333331,150.4,128.7,1.6,20.1,0.1336436170212766,1.775999999999982,213.2
23,23,23,23,2004-12-01,159.33100000000002,3.84777169205226,0.0,0.0,6.2,108.1,5.752,0.925483968943482,1211.92,5.4,10.066666666666666,184.1,160.8,2.4,20.8,0.1129820749592612,1.8030000000000257,213.9
24,24,24,24,2005-01-01,161.289,3.483549937943,0.0,0.0,5.3,108.6,5.71,0.921713167161207,1181.27,5.3,10.1,130.9,109.8,3.2,18.0,0.1375095492742551,1.95799999999997,214.5
25,25,25,25,2005-02-01,163.344,3.483549937943,0.0,0.0,5.7,110.8,5.6275,0.921713167161207,1203.6,5.4,10.0,132.0,111.7,3.5,16.7,0.1265151515151515,2.055000000000007,215.0
26,26,26,26,2005-03-01,165.813,3.483549937943,0.0,0.0,6.0,110.0,5.928,0.921713167161207,1180.59,5.2,9.9,135.7,116.7,2.1,17.0,0.1252763448784082,2.468999999999994,215.5
27,27,27,27,2005-04-01,167.502,3.483549937943,0.0,0.0,6.3,110.4,5.855,0.921713167161207,1156.85,5.2,9.8,150.7,126.7,2.2,21.8,0.1446582614465826,1.6890000000000214,216.0
28,28,28,28,2005-05-01,169.351,3.483549937943,0.0,0.0,5.4,106.9,5.72,0.921713167161207,1191.5,5.1,9.833333333333334,176.3,145.3,4.2,26.8,0.1520136131593874,1.848999999999989,216.4
29,29,29,29,2005-06-01,171.19099999999997,3.483549937943,0.0,0.0,4.8,106.8,5.582,0.921713167161207,1191.33,5.0,9.866666666666667,171.0,144.5,3.0,23.4,0.1368421052631578,1.839999999999975,216.8
30,30,30,30,2005-07-01,172.86,3.483549937943,0.0,0.0,5.8,106.6,5.695,0.921713167161207,1234.18,5.0,9.9,158.5,136.3,3.5,18.6,0.1173501577287066,1.6690000000000396,217.5
31,31,31,31,2005-08-01,174.442,3.483549937943,0.0,0.0,6.9,108.1,5.82,0.921713167161207,1220.33,4.9,9.8,178.3,145.0,5.2,28.1,0.1575995513180033,1.5819999999999936,218.0
32,32,32,32,2005-09-01,176.437,3.483549937943,0.0,0.0,9.0,111.2,5.774,0.921713167161207,1228.81,5.0,9.7,172.0,147.8,2.8,21.4,0.1244186046511627,1.9950000000000043,218.6
33,33,33,33,2005-10-01,178.02700000000002,3.483549937943,0.0,0.0,8.3,111.2,6.065,0.921713167161207,1207.01,5.0,9.6,175.7,147.1,2.2,26.3,0.1496869664200341,1.5900000000000034,219.3
34,34,34,34,2005-11-01,179.68,3.483549937943,0.0,0.0,6.4,112.6,6.33,0.921713167161207,1249.48,5.0,9.566666666666666,162.8,142.2,1.9,18.8,0.1154791154791154,1.6529999999999916,220.0
35,35,35,35,2005-12-01,180.91,3.483549937943,0.0,0.0,6.4,115.3,6.272,0.921713167161207,1248.29,4.9,9.533333333333331,187.5,162.8,3.6,21.1,0.1125333333333333,1.2299999999999898,220.5
36,36,36,36,2006-01-01,182.32,2.78453963938148,0.0,0.0,7.7,115.7,6.145,0.964253917136075,1280.08,4.7,9.5,142.4,115.1,3.2,24.0,0.1685393258426966,1.4099999999999966,220.9
37,37,37,37,2006-02-01,183.287,2.78453963938148,0.0,0.0,7.0,116.6,6.2525,0.964253917136075,1280.66,4.8,9.533333333333331,141.7,120.8,4.8,16.1,0.1136203246294989,0.967000000000013,221.6
38,38,38,38,2006-03-01,184.365,2.78453963938148,0.0,0.0,6.6,115.1,6.324,0.964253917136075,1294.87,4.7,9.566666666666666,169.2,144.9,3.5,20.8,0.1229314420803782,1.078000000000003,222.3
39,39,39,39,2006-04-01,184.328,2.78453963938148,0.0,0.0,7.0,117.9,6.5075,0.964253917136075,1310.61,4.7,9.6,160.3,134.0,2.6,23.8,0.148471615720524,-0.0370000000000061,222.9
40,40,40,40,2006-05-01,184.155,2.78453963938148,0.0,0.0,7.7,116.4,6.5975,0.964253917136075,1270.09,4.6,9.7,158.8,133.7,3.0,22.2,0.1397984886649874,-0.1730000000000018,223.6
41,41,41,41,2006-06-01,183.507,2.78453963938148,0.0,0.0,8.1,122.8,6.682,0.964253917136075,1270.2,4.6,9.8,179.6,151.7,2.7,25.2,0.1403118040089087,-0.6479999999999961,224.4
42,42,42,42,2006-07-01,183.066,2.78453963938148,0.0,0.0,8.0,122.5,6.7625,0.964253917136075,1276.66,4.7,9.9,163.6,138.7,2.1,22.9,0.1399755501222493,-0.4410000000000025,225.2
43,43,43,43,2006-08-01,182.593,2.78453963938148,0.0,0.0,7.7,123.6,6.523999999999999,0.964253917136075,1303.82,4.7,9.866666666666667,170.4,142.4,2.8,25.2,0.1478873239436619,-0.4730000000000132,226.2
44,44,44,44,2006-09-01,182.798,2.78453963938148,0.0,0.0,4.0,127.7,6.4025,0.964253917136075,1335.85,4.5,9.833333333333334,180.9,152.6,2.9,25.4,0.1404090657822001,0.2050000000000125,227.1
45,45,45,45,2006-10-01,183.197,2.78453963938148,0.0,0.0,2.8,122.0,6.3575,0.964253917136075,1377.94,4.4,9.8,172.5,142.4,3.5,26.5,0.1536231884057971,0.3990000000000009,228.0
46,46,46,46,2006-11-01,183.608,2.78453963938148,0.0,0.0,3.9,117.2,6.24,0.964253917136075,1400.63,4.5,9.9,158.9,131.4,4.9,22.6,0.1422278162366268,0.4110000000000013,228.9
47,47,47,47,2006-12-01,184.138,2.78453963938148,0.0,0.0,5.0,119.8,6.135,0.964253917136075,1418.3,4.4,10.0,181.1,146.7,4.8,29.5,0.1628934290447266,0.5300000000000011,230.0
48,48,48,48,2007-01-01,184.516,2.00385829825838,0.0,0.0,4.137,119.7,6.2175,0.951055242772428,1438.24,4.6,10.1,127.3,103.9,2.2,21.1,0.1657501963864886,0.3779999999999859,230.806
49,49,49,49,2007-02-01,184.598,2.00385829825838,0.0,0.0,4.826,121.0,6.285,0.951055242772428,1406.82,4.5,9.9,112.5,90.5,2.6,19.4,0.1724444444444444,0.082000000000022,231.739
50,50,50,50,2007-03-01,184.15,2.00385829825838,0.0,0.0,5.588,121.1,6.156000000000001,0.951055242772428,1420.86,4.4,9.7,122.8,100.2,2.8,19.8,0.1612377850162866,-0.4480000000000075,232.495
51,51,51,51,2007-04-01,183.01,2.00385829825838,0.0,0.0,5.204,121.3,6.18,0.951055242772428,1482.37,4.5,9.5,118.9,98.1,3.1,17.8,0.1497056349873843,-1.1400000000000148,232.98
52,52,52,52,2007-05-01,181.6,2.00385829825838,0.0,0.0,5.455,124.6,6.2620000000000005,0.951055242772428,1530.62,4.4,9.6,129.5,107.5,3.8,18.2,0.1405405405405405,-1.4099999999999966,233.549
53,53,53,53,2007-06-01,180.253,2.00385829825838,0.0,0.0,5.434,125.2,6.657500000000001,0.951055242772428,1503.35,4.6,9.7,131.2,107.5,2.9,20.7,0.1577743902439024,-1.3470000000000084,234.071
54,54,54,54,2007-07-01,179.11,2.00385829825838,0.0,0.0,4.703,125.1,6.695,0.951055242772428,1455.27,4.7,9.8,129.0,101.2,2.7,25.1,0.1945736434108527,-1.1429999999999725,234.732
55,55,55,55,2007-08-01,178.116,2.00385829825838,0.0,0.0,3.867,123.5,6.572,0.951055242772428,1473.99,4.6,9.733333333333334,136.9,107.9,2.5,26.5,0.193571950328707,-0.9939999999999998,235.311
56,56,56,56,2007-09-01,177.55700000000002,2.00385829825838,0.0,0.0,5.747,122.9,6.3825,0.951055242772428,1526.75,4.7,9.666666666666666,123.2,99.8,2.6,20.7,0.1680194805194805,-0.5589999999999975,236.058
57,57,57,57,2007-10-01,176.623,2.00385829825838,0.0,0.0,7.29,122.0,6.375,0.951055242772428,1549.38,4.7,9.6,126.0,103.4,2.4,20.3,0.1611111111111111,-0.934000000000026,237.135
58,58,58,58,2007-11-01,175.146,2.00385829825838,0.0,0.0,8.834,120.2,6.208,0.951055242772428,1481.14,4.7,9.766666666666666,118.7,98.9,2.3,17.5,0.14743049705139,-1.477000000000004,238.169
59,59,59,59,2007-12-01,174.34099999999998,2.00385829825838,0.0,0.0,8.345,122.1,6.095,0.951055242772428,1468.36,5.0,9.933333333333334,126.8,99.4,1.5,25.8,0.2034700315457413,-0.8050000000000068,239.102
60,60,60,60,2008-01-01,173.13099999999997,0.113587248258867,0.0,0.0,8.737,120.4,5.758,0.945865287282592,1378.55,5.0,10.1,93.5,69.0,3.1,21.4,0.2288770053475935,-1.210000000000008,239.85
61,61,61,61,2008-02-01,171.53900000000002,0.113587248258867,0.0,0.0,8.461,120.5,5.9175,0.945865287282592,1330.63,4.9,10.066666666666666,87.0,63.2,2.1,21.7,0.2494252873563218,-1.591999999999956,240.325
62,62,62,62,2008-03-01,170.05200000000002,0.113587248258867,0.0,0.0,8.16,119.6,5.97,0.945865287282592,1322.7,5.1,10.033333333333331,89.8,69.0,1.0,19.8,0.2204899777282851,-1.4869999999999948,240.874
63,63,63,63,2008-04-01,168.33700000000002,0.113587248258867,0.0,0.0,8.038,119.0,5.9175,0.945865287282592,1385.59,5.0,10.0,79.6,62.0,2.5,15.0,0.1884422110552764,-1.7150000000000034,241.474
64,64,64,64,2008-05-01,166.658,0.113587248258867,0.0,0.0,8.453,119.5,6.036,0.945865287282592,1400.38,5.4,9.966666666666669,96.5,73.6,1.5,21.4,0.221761658031088,-1.6790000000000305,241.803
65,65,65,65,2008-06-01,165.016,0.113587248258867,0.0,0.0,10.229,123.5,6.32,0.945865287282592,1280.0,5.6,9.933333333333334,99.7,73.6,1.9,24.2,0.2427281845536609,-1.641999999999996,242.64
66,66,66,66,2008-07-01,163.564,0.113587248258867,0.0,0.0,11.413,123.9,6.425999999999999,0.945865287282592,1267.38,5.8,9.9,91.5,69.2,2.0,20.3,0.2218579234972677,-1.4519999999999982,243.367
67,67,67,67,2008-08-01,161.986,0.113587248258867,0.0,0.0,11.023,122.6,6.4775,0.945865287282592,1282.83,6.1,9.966666666666669,94.5,62.3,1.9,30.2,0.3195767195767195,-1.578000000000003,244.181
68,68,68,68,2008-09-01,160.30700000000002,0.113587248258867,0.0,0.0,10.33,122.6,6.0375,0.945865287282592,1166.36,6.1,10.033333333333331,104.2,75.3,3.0,25.9,0.2485604606525911,-1.6789999999999736,244.926
69,69,69,69,2008-10-01,158.326,0.113587248258867,0.0,0.0,7.805,120.9,6.2,0.945865287282592,968.75,6.5,10.1,94.1,68.5,1.1,24.5,0.2603613177470776,-1.981000000000023,245.855
70,70,70,70,2008-11-01,156.141,0.113587248258867,0.0,0.0,2.319,120.6,6.0875,0.945865287282592,896.24,6.8,10.1,91.5,66.8,1.6,23.1,0.2524590163934426,-2.1850000000000023,246.681
71,71,71,71,2008-12-01,153.618,0.113587248258867,0.0,0.0,-0.047,119.1,5.286,0.945865287282592,903.25,7.3,10.1,97.8,66.3,2.0,29.5,0.3016359918200409,-2.522999999999996,247.278
72,72,72,72,2009-01-01,151.506,-2.57650023426996,0.0,0.0,-0.241,122.0,5.047499999999999,0.876651298802912,825.88,7.8,10.1,54.7,39.0,0.5,15.1,0.2760511882998172,-2.1119999999999948,247.974
73,73,73,73,2009-02-01,150.014,-2.57650023426996,0.0,0.0,0.018,120.9,5.13,0.876651298802912,735.09,8.3,10.266666666666666,56.5,36.4,0.9,19.1,0.3380530973451328,-1.4919999999999902,248.305
74,74,74,74,2009-03-01,148.659,-2.57650023426996,0.0,0.0,-0.953,122.0,5.0025,0.876651298802912,797.87,8.7,10.433333333333334,62.1,41.3,1.1,19.7,0.3172302737520128,-1.3550000000000182,248.639
75,75,75,75,2009-04-01,147.947,-2.57650023426996,0.0,0.0,-1.233,122.0,4.8100000000000005,0.876651298802912,872.81,9.0,10.6,65.5,41.3,1.2,23.0,0.3511450381679389,-0.7119999999999891,248.899
76,76,76,76,2009-05-01,147.69299999999998,-2.57650023426996,0.0,0.0,-2.186,120.8,4.8575,0.876651298802912,919.14,9.4,10.766666666666666,68.1,41.1,0.9,26.1,0.3832599118942731,-0.2540000000000191,249.069
77,77,77,77,2009-06-01,148.088,-2.57650023426996,0.0,0.0,-2.673,123.0,5.42,0.876651298802912,919.32,9.5,10.933333333333334,70.3,44.4,1.0,24.9,0.3541963015647226,0.3950000000000102,249.092
78,78,78,78,2009-07-01,148.408,-2.57650023426996,0.0,0.0,-4.29,121.9,5.222,0.876651298802912,987.48,9.5,11.1,66.4,41.1,1.2,24.2,0.3644578313253012,0.3199999999999932,248.994
79,79,79,79,2009-08-01,148.27700000000002,-2.57650023426996,0.0,0.0,-3.245,122.6,5.1925,0.876651298802912,1020.62,9.6,10.966666666666669,73.9,44.5,1.7,27.8,0.3761840324763193,-0.1309999999999718,249.029
80,80,80,80,2009-09-01,148.024,-2.57650023426996,0.0,0.0,-3.016,121.5,5.0575,0.876651298802912,1057.08,9.8,10.833333333333332,64.4,43.9,1.5,19.1,0.296583850931677,-0.2530000000000143,248.965
81,81,81,81,2009-10-01,147.85,-2.57650023426996,0.0,0.0,-0.486,118.2,4.952,0.876651298802912,1036.19,10.0,10.7,67.4,49.0,1.3,17.1,0.2537091988130563,-0.1740000000000066,248.888
82,82,82,82,2009-11-01,148.136,-2.57650023426996,0.0,0.0,4.081,114.9,4.875,0.876651298802912,1095.63,9.9,10.666666666666666,72.6,50.1,1.3,21.2,0.2920110192837465,0.2860000000000013,248.886
83,83,83,83,2009-12-01,147.93,-2.57650023426996,0.0,0.0,5.949,119.5,4.93,0.876651298802912,1115.1,9.9,10.633333333333333,72.4,48.0,2.0,22.5,0.3107734806629834,-0.2059999999999888,248.999
84,84,84,84,2010-01-01,147.39600000000002,2.6951925838264,0.0,0.0,5.555,119.7,5.03,0.829616674709795,1073.87,9.8,10.6,46.3,30.0,1.3,15.1,0.326133909287257,-0.5339999999999918,249.144
85,85,85,85,2010-02-01,145.631,2.6951925838264,0.0,0.0,4.576,119.6,4.99,0.829616674709795,1104.49,9.8,10.6,45.4,30.7,0.6,14.1,0.3105726872246696,-1.7650000000000148,249.017
86,86,86,86,2010-03-01,145.858,2.6951925838264,0.0,0.0,4.858,120.3,4.9675,0.829616674709795,1169.43,9.9,10.6,48.6,37.6,0.6,10.4,0.2139917695473251,0.2270000000000038,249.089
87,87,87,87,2010-04-01,146.401,2.6951925838264,0.0,0.0,4.694,126.2,5.098000000000001,0.829616674709795,1186.69,9.9,10.6,57.7,42.9,0.9,13.9,0.2409012131715771,0.5430000000000064,249.012
88,88,88,88,2010-05-01,146.392,2.6951925838264,0.0,0.0,4.268,125.6,4.8875,0.829616674709795,1089.41,9.6,10.5,58.7,43.0,0.5,15.2,0.2589437819420783,-0.0090000000000145,248.925
89,89,89,89,2010-06-01,145.719,2.6951925838264,0.0,0.0,2.409,120.0,4.7375,0.829616674709795,1030.71,9.4,10.4,77.7,60.1,0.7,16.9,0.2175032175032174,-0.6730000000000018,248.999
90,90,90,90,2010-07-01,144.987,2.6951925838264,0.0,0.0,2.879,122.0,4.564,0.829616674709795,1101.6,9.4,10.3,48.2,39.2,0.7,8.3,0.1721991701244813,-0.7319999999999993,249.126
91,91,91,91,2010-08-01,143.912,2.6951925838264,0.0,0.0,2.478,121.3,4.4275,0.829616674709795,1049.33,9.5,10.0,54.6,41.4,0.6,12.6,0.2307692307692307,-1.0749999999999886,249.024
92,92,92,92,2010-09-01,143.015,2.6951925838264,0.0,0.0,2.414,121.4,4.346,0.829616674709795,1141.2,9.5,9.7,56.7,43.9,1.0,11.8,0.2081128747795414,-0.8970000000000198,249.368
93,93,93,93,2010-10-01,142.526,2.6951925838264,0.0,0.0,2.526,120.4,4.225,0.829616674709795,1183.26,9.4,9.4,54.8,44.7,0.6,9.5,0.1733576642335766,-0.4889999999999759,249.618
94,94,94,94,2010-11-01,142.167,2.6951925838264,0.0,0.0,2.356,120.2,4.3,0.829616674709795,1180.55,9.8,9.5,48.3,38.7,0.4,9.2,0.1904761904761904,-0.3590000000000088,250.317
95,95,95,95,2010-12-01,142.054,2.6951925838264,0.0,0.0,3.125,121.6,4.714,0.829616674709795,1257.64,9.3,9.6,54.7,44.0,1.0,9.6,0.1755027422303473,-0.1129999999999995,250.986
96,96,96,96,2011-01-01,141.516,1.56440685438301,0.0,0.0,3.699,122.1,4.755,0.726786704810745,1286.12,9.1,9.7,35.0,28.4,0.4,6.2,0.1771428571428571,-0.5380000000000109,251.555
97,97,97,97,2011-02-01,140.343,1.56440685438301,0.0,0.0,4.617,123.8,4.9525,0.726786704810745,1327.22,9.0,9.533333333333331,42.0,32.9,0.5,8.5,0.2023809523809523,-1.1730000000000018,251.829
98,98,98,98,2011-03-01,139.975,1.56440685438301,0.0,0.0,5.693,125.1,4.836,0.726786704810745,1325.83,9.0,9.366666666666664,43.8,28.2,0.5,15.1,0.3447488584474886,-0.367999999999995,252.145
99,99,99,99,2011-04-01,140.007,1.56440685438301,0.0,0.0,6.69,125.5,4.84,0.726786704810745,1363.61,9.1,9.2,42.2,33.3,1.3,7.7,0.1824644549763033,0.0320000000000106,252.221
100,100,100,100,2011-05-01,139.903,1.56440685438301,0.0,0.0,7.516,124.2,4.6375,0.726786704810745,1345.2,9.0,9.4,45.4,36.6,0.4,8.4,0.185022026431718,-0.1040000000000134,252.393
101,101,101,101,2011-06-01,139.86,1.56440685438301,0.0,0.0,7.607,123.1,4.51,0.726786704810745,1320.64,9.1,9.6,50.5,39.7,1.4,9.4,0.1861386138613861,-0.0429999999999779,252.592
102,102,102,102,2011-07-01,139.72799999999998,1.56440685438301,0.0,0.0,7.79,123.2,4.545,0.726786704810745,1292.28,9.0,9.8,53.6,40.2,0.8,12.6,0.2350746268656716,-0.1320000000000334,253.085
103,103,103,103,2011-08-01,139.308,1.56440685438301,0.0,0.0,8.183,124.3,4.27,0.726786704810745,1218.89,9.0,9.666666666666668,57.3,42.1,0.5,14.7,0.256544502617801,-0.4199999999999875,254.003
104,104,104,104,2011-09-01,138.667,1.56440685438301,0.0,0.0,8.322,123.8,4.106,0.726786704810745,1131.42,9.0,9.533333333333331,54.7,38.4,0.9,15.3,0.2797074954296161,-0.6409999999999911,254.628
105,105,105,105,2011-10-01,137.951,1.56440685438301,0.0,0.0,7.715,126.1,4.0675,0.726786704810745,1253.3,8.8,9.4,52.1,41.3,0.5,10.3,0.1976967370441459,-0.7160000000000082,255.651
106,106,106,106,2011-11-01,137.15,1.56440685438301,0.0,0.0,7.579,126.0,3.9925,0.726786704810745,1246.96,8.6,9.2,50.1,40.7,0.4,9.0,0.1796407185628742,-0.8009999999999877,256.367
107,107,107,107,2011-12-01,136.672,1.56440685438301,0.0,0.0,6.751,125.2,3.958,0.726786704810745,1257.6,8.5,9.0,58.3,44.8,0.8,12.6,0.216123499142367,-0.4780000000000086,257.189
108,108,108,108,2012-01-01,136.606,2.28911338767897,0.0,0.0,6.655,126.0,3.915,0.733599941250847,1312.41,8.3,8.8,36.4,26.0,0.6,9.8,0.2692307692307693,-0.0660000000000025,257.714
109,109,109,109,2012-02-01,136.531,2.28911338767897,0.0,0.0,6.431,126.9,3.89,0.733599941250847,1365.68,8.3,8.733333333333334,39.0,29.4,0.3,9.3,0.2384615384615384,-0.0749999999999886,258.184
110,110,110,110,2012-03-01,137.90200000000002,2.28911338767897,0.0,0.0,5.761,127.4,3.954,0.733599941250847,1408.47,8.2,8.666666666666666,44.4,33.6,0.8,9.9,0.222972972972973,1.371000000000009,258.569
111,111,111,111,2012-04-01,139.151,2.28911338767897,0.0,0.0,5.094,128.9,3.91,0.733599941250847,1397.91,8.2,8.6,52.3,37.6,0.3,14.5,0.2772466539196941,1.2489999999999952,258.922
112,112,112,112,2012-05-01,140.15200000000002,2.28911338767897,0.0,0.0,3.907,127.8,3.798,0.733599941250847,1310.33,8.2,8.6,50.0,39.3,1.2,9.5,0.19,1.0010000000000048,259.231
113,113,113,113,2012-06-01,141.028,2.28911338767897,0.0,0.0,3.718,128.8,3.675,0.733599941250847,1362.16,8.2,8.6,55.1,42.4,1.4,11.2,0.2032667876588021,0.8759999999999764,259.407
114,114,114,114,2012-07-01,141.66899999999998,2.28911338767897,0.0,0.0,3.195,128.5,3.55,0.733599941250847,1379.32,8.2,8.6,58.2,38.3,0.9,19.0,0.3264604810996563,0.6409999999999911,260.107
115,115,115,115,2012-08-01,142.278,2.28911338767897,0.0,0.0,3.812,130.4,3.6019999999999994,0.733599941250847,1406.58,8.1,8.633333333333333,64.8,43.3,1.0,20.5,0.316358024691358,0.6090000000000089,260.677
116,116,116,116,2012-09-01,142.906,2.28911338767897,0.0,0.0,4.418,132.3,3.4975,0.733599941250847,1440.67,7.8,8.666666666666666,58.7,46.6,0.4,11.7,0.1993185689948892,0.6280000000000143,261.421
117,117,117,117,2012-10-01,143.597,2.28911338767897,0.0,0.0,4.888,132.2,3.3825000000000003,0.733599941250847,1412.16,7.8,8.7,67.7,50.1,0.4,17.2,0.2540620384047267,0.6910000000000025,262.707
118,118,118,118,2012-11-01,144.58,2.28911338767897,0.0,0.0,4.08,131.4,3.3519999999999994,0.733599941250847,1416.18,7.7,8.666666666666666,57.8,45.6,0.7,11.5,0.198961937716263,0.983000000000004,263.365
119,119,119,119,2012-12-01,145.497,2.28911338767897,0.0,0.0,3.998,133.4,3.345,0.733599941250847,1426.19,7.9,8.633333333333333,64.8,50.7,0.7,13.4,0.2067901234567901,0.9170000000000016,264.098
120,120,120,120,2013-01-01,146.82299999999998,2.11783009919846,0.0,0.0,3.837,135.8,3.414,0.692860276624581,1498.11,8.0,8.6,47.5,36.9,0.6,9.9,0.2084210526315789,1.325999999999965,264.7
121,121,121,121,2013-02-01,147.781,2.11783009919846,0.0,0.0,4.608,138.9,3.5325,0.692860276624581,1514.68,7.7,8.466666666666667,49.7,39.6,0.5,9.7,0.1951710261569416,0.9580000000000268,265.256
122,122,122,122,2013-03-01,149.96,2.11783009919846,0.0,0.0,3.475,139.1,3.565,0.692860276624581,1569.19,7.5,8.333333333333332,61.7,45.8,0.4,15.5,0.2512155591572123,2.179000000000002,265.821
123,123,123,123,2013-04-01,151.517,2.11783009919846,0.0,0.0,2.61,141.9,3.4450000000000003,0.692860276624581,1597.57,7.6,8.2,54.6,40.5,0.5,13.6,0.249084249084249,1.556999999999988,265.984
124,124,124,124,2013-05-01,152.849,2.11783009919846,0.0,0.0,3.18,140.7,3.536,0.692860276624581,1630.74,7.5,8.233333333333333,58.3,46.3,0.8,11.2,0.1921097770154373,1.3319999999999936,266.559
125,125,125,125,2013-06-01,154.19899999999998,2.11783009919846,0.0,0.0,3.921,140.2,4.07,0.692860276624581,1606.28,7.5,8.266666666666667,66.0,47.0,1.2,17.8,0.2696969696969697,1.3499999999999943,266.905
126,126,126,126,2013-07-01,155.60399999999998,2.11783009919846,0.0,0.0,4.31,140.6,4.37,0.692860276624581,1685.73,7.3,8.3,67.0,47.2,0.8,19.0,0.2835820895522388,1.4050000000000011,267.482
127,127,127,127,2013-08-01,156.961,2.11783009919846,0.0,0.0,3.538,138.0,4.456,0.692860276624581,1632.97,7.2,8.266666666666667,71.6,50.7,0.5,20.5,0.2863128491620112,1.3570000000000275,268.505
128,128,128,128,2013-09-01,158.22299999999998,2.11783009919846,0.0,0.0,2.529,139.0,4.49,0.692860276624581,1681.55,7.2,8.233333333333333,69.7,50.9,0.7,18.0,0.2582496413199426,1.261999999999972,269.137
129,129,129,129,2013-10-01,159.239,2.11783009919846,0.0,0.0,2.031,137.5,4.192,0.692860276624581,1756.54,7.2,8.2,73.7,56.9,1.0,15.9,0.2157394843962008,1.0160000000000196,269.96
130,130,130,130,2013-11-01,160.07299999999998,2.11783009919846,0.0,0.0,2.851,135.8,4.255,0.692860276624581,1805.81,6.9,8.233333333333333,70.8,52.9,0.9,17.0,0.2401129943502825,0.8339999999999748,270.698
131,131,131,131,2013-12-01,160.99200000000002,2.11783009919846,0.0,0.0,3.498,136.0,4.4575,0.692860276624581,1848.36,6.7,8.266666666666667,73.8,54.5,1.2,18.1,0.2452574525745257,0.9190000000000396,271.688
132,132,132,132,2014-01-01,161.923,2.52381981441982,0.0,0.0,3.609,136.0,4.432,0.733361519937424,1782.59,6.6,8.3,56.2,40.3,0.9,15.0,0.2669039145907473,0.9309999999999832,272.317
133,133,133,133,2014-02-01,162.52100000000002,2.52381981441982,0.0,0.0,2.61,135.6,4.3025,0.733361519937424,1859.45,6.7,8.033333333333333,59.5,43.1,0.6,15.8,0.2655462184873949,0.5980000000000132,272.733
134,134,134,134,2014-03-01,163.08100000000002,2.52381981441982,0.0,0.0,3.746,133.8,4.3425,0.733361519937424,1872.34,6.7,7.766666666666667,67.6,47.8,0.9,18.8,0.2781065088757397,0.5600000000000023,273.486
135,135,135,135,2014-04-01,163.387,2.52381981441982,0.0,0.0,4.671,133.9,4.3375,0.733361519937424,1883.95,6.2,7.5,63.8,46.4,0.3,17.1,0.2680250783699059,0.3059999999999832,274.1
136,136,136,136,2014-05-01,163.655,2.52381981441982,0.0,0.0,5.025,134.1,4.192,0.733361519937424,1923.57,6.3,7.466666666666667,73.4,52.7,0.9,19.7,0.268392370572207,0.2680000000000007,274.71
137,137,137,137,2014-06-01,164.065,2.52381981441982,0.0,0.0,4.786,134.6,4.1625,0.733361519937424,1960.23,6.1,7.433333333333334,71.0,51.0,0.4,19.6,0.276056338028169,0.4099999999999966,275.321
138,138,138,138,2014-07-01,164.585,2.52381981441982,0.0,0.0,4.598,136.0,4.13,0.733361519937424,1930.67,6.2,7.4,71.9,51.5,0.6,19.8,0.2753824756606398,0.5200000000000102,276.248
139,139,139,139,2014-08-01,165.21099999999998,2.52381981441982,0.0,0.0,4.004,135.7,4.115,0.733361519937424,2003.37,6.1,7.266666666666667,86.9,54.1,1.1,31.6,0.3636363636363636,0.6259999999999764,277.048
140,140,140,140,2014-09-01,165.90099999999998,2.52381981441982,0.0,0.0,3.933,137.2,4.1625,0.733361519937424,1972.29,5.9,7.133333333333334,88.5,56.9,0.7,31.0,0.3502824858757062,0.6899999999999977,277.998
141,141,141,141,2014-10-01,166.637,2.52381981441982,0.0,0.0,3.761,136.6,4.036,0.733361519937424,2018.05,5.7,7.0,83.7,57.6,0.6,25.5,0.3046594982078853,0.7360000000000184,278.985
142,142,142,142,2014-11-01,167.331,2.52381981441982,0.0,0.0,2.883,137.1,3.9975,0.733361519937424,2067.56,5.8,7.033333333333333,71.9,53.6,1.0,17.2,0.2392211404728789,0.6939999999999884,280.123
143,143,143,143,2014-12-01,168.045,2.52381981441982,0.0,0.0,1.533,135.9,3.864,0.733361519937424,2058.9,5.6,7.066666666666666,89.5,64.5,0.6,24.5,0.2737430167597765,0.7139999999999986,280.874
144,144,144,144,2015-01-01,168.625,2.94555045455233,0.0,0.0,-0.541,136.1,3.67,0.73621730882542,1994.99,5.7,7.1,65.1,45.3,0.5,19.4,0.2980030721966206,0.5800000000000125,281.572
145,145,145,145,2015-02-01,169.122,2.94555045455233,0.0,0.0,-0.205,138.6,3.71,0.73621730882542,2104.5,5.5,7.0,59.3,41.8,1.2,16.3,0.2748735244519393,0.4970000000000141,282.389
146,146,146,146,2015-03-01,169.793,2.94555045455233,0.0,0.0,-0.052,138.6,3.77,0.73621730882542,2067.89,5.4,6.9,60.5,44.7,0.9,15.0,0.2479338842975206,0.6709999999999923,283.13
147,147,147,147,2015-04-01,170.292,2.94555045455233,0.0,0.0,-0.246,137.7,3.672,0.73621730882542,2085.51,5.4,6.8,77.1,53.3,1.0,22.8,0.2957198443579766,0.4989999999999952,283.598
148,148,148,148,2015-05-01,170.875,2.94555045455233,0.0,0.0,0.083,138.7,3.84,0.73621730882542,2107.39,5.6,6.966666666666667,83.9,54.2,0.6,29.2,0.3480333730631704,0.5829999999999984,284.245
149,149,149,149,2015-06-01,171.476,2.94555045455233,0.0,0.0,0.426,138.4,3.9825,0.73621730882542,2063.11,5.3,7.133333333333333,85.4,55.7,0.8,28.9,0.338407494145199,0.6009999999999991,285.031
150,150,150,150,2015-07-01,172.146,2.94555045455233,0.0,0.0,0.536,139.8,4.046,0.73621730882542,2103.84,5.2,7.3,86.3,52.1,1.1,33.2,0.3847045191193511,0.6699999999999875,286.09
151,151,151,151,2015-08-01,172.93,2.94555045455233,0.0,0.0,0.573,138.3,3.905,0.73621730882542,1972.18,5.1,7.2,92.1,58.6,0.8,32.7,0.3550488599348534,0.7840000000000202,287.068
152,152,152,152,2015-09-01,173.82299999999998,2.94555045455233,0.0,0.0,0.021,136.9,3.89,0.73621730882542,1920.03,5.0,7.1,92.6,58.0,0.7,33.9,0.3660907127429805,0.8929999999999723,288.306
153,153,153,153,2015-10-01,174.787,2.94555045455233,0.0,0.0,0.303,136.3,3.796,0.73621730882542,2079.36,5.0,7.0,89.5,60.0,0.8,28.7,0.3206703910614525,0.9640000000000272,289.428
154,154,154,154,2015-11-01,175.733,2.94555045455233,0.0,0.0,1.034,137.5,3.9425,0.73621730882542,2080.41,5.1,7.0,80.9,55.2,1.1,24.6,0.3040791100123609,0.945999999999998,290.322
155,155,155,155,2015-12-01,176.53599999999997,2.94555045455233,0.0,0.0,1.509,137.2,3.964,0.73621730882542,2043.94,5.0,7.0,95.6,69.0,0.8,25.8,0.2698744769874477,0.8029999999999688,291.204
156,156,156,156,2016-01-01,177.261,1.81945147474293,0.0,0.0,2.905,136.4,3.8725,0.724676067451429,1940.24,4.8,7.0,72.5,46.7,1.2,24.6,0.3393103448275862,0.7250000000000227,292.004
157,157,157,157,2016-02-01,177.639,1.81945147474293,0.0,0.0,1.994,137.8,3.66,0.724676067451429,1932.23,4.9,6.9,71.2,51.4,1.4,18.3,0.2570224719101123,0.3780000000000143,292.777
158,158,158,158,2016-03-01,178.15599999999998,1.81945147474293,0.0,0.0,2.104,136.7,3.694,0.724676067451429,2059.74,5.0,6.8,78.8,55.4,0.7,22.7,0.2880710659898477,0.5169999999999675,293.489
159,159,159,159,2016-04-01,178.757,1.81945147474293,0.0,0.0,2.77,137.8,3.605,0.724676067451429,2065.3,5.1,6.7,73.8,55.6,0.7,17.6,0.2384823848238482,0.6010000000000275,294.175
160,160,160,160,2016-05-01,179.419,1.81945147474293,0.0,0.0,2.556,138.5,3.6,0.724676067451429,2096.95,4.8,6.733333333333333,83.5,60.2,0.7,22.6,0.2706586826347305,0.6620000000000061,295.036
161,161,161,161,2016-06-01,180.088,1.81945147474293,0.0,0.0,2.565,140.9,3.568,0.724676067451429,2098.86,4.9,6.766666666666667,97.9,65.9,0.8,31.2,0.3186925434116445,0.6689999999999827,295.902
162,162,162,162,2016-07-01,180.847,1.81945147474293,1463007.0,0.0,2.067,139.7,3.44,0.724676067451429,2173.6,4.8,6.8,93.4,61.2,0.7,31.5,0.3372591006423983,0.7590000000000146,296.862
163,163,163,163,2016-08-01,181.836,1.81945147474293,1460048.0,-2959.0,2.512,140.5,3.435,0.724676067451429,2170.95,4.9,6.833333333333333,98.0,66.0,0.9,31.1,0.3173469387755102,0.9890000000000044,297.916
164,164,164,164,2016-09-01,182.81,1.81945147474293,1443081.0,-16967.0,3.678,139.4,3.46,0.724676067451429,2168.27,5.0,6.866666666666667,90.2,63.7,1.3,25.3,0.2804878048780487,0.9739999999999897,298.962
165,165,165,165,2016-10-01,183.738,1.81945147474293,1407698.0,-35383.0,4.008,138.0,3.47,0.724676067451429,2126.15,4.9,6.9,96.7,70.0,0.6,26.1,0.2699069286452947,0.9279999999999972,300.4
166,166,166,166,2016-11-01,184.748,1.81945147474293,1339703.0,-67995.0,4.009,138.9,3.77,0.724676067451429,2198.81,4.7,6.933333333333334,100.0,67.3,0.8,31.9,0.319,1.009999999999991,301.587
167,167,167,167,2016-12-01,185.71,1.81945147474293,1235985.0,-103718.0,4.876,139.8,4.198,0.724676067451429,2238.83,4.7,6.966666666666667,103.6,75.0,0.6,28.0,0.2702702702702703,0.9620000000000176,302.735
168,168,168,168,2017-01-01,186.792,2.45762230356996,1154120.0,-81865.0,5.966,140.1,4.15,0.63264399508256,2278.87,4.7,7.0,74.6,55.0,0.3,19.4,0.260053619302949,1.0819999999999936,303.467
169,169,169,169,2017-02-01,187.31,2.45762230356996,1151120.0,-3000.0,6.67,140.3,4.1675,0.63264399508256,2363.64,4.6,7.1,78.9,52.7,1.1,25.1,0.3181242078580482,0.5180000000000007,304.211
170,170,170,170,2017-03-01,187.988,2.45762230356996,1172713.0,21593.0,5.812,142.9,4.196,0.63264399508256,2362.72,4.4,7.2,92.0,62.4,1.3,28.3,0.3076086956521739,0.6779999999999973,304.868
171,171,171,171,2017-04-01,188.719,2.45762230356996,1198424.0,25711.0,5.201,141.1,4.045,0.63264399508256,2384.2,4.4,7.3,83.4,60.1,1.6,21.7,0.2601918465227817,0.7309999999999945,305.477
172,172,172,172,2017-05-01,189.607,2.45762230356996,1253854.0,55430.0,4.447,142.2,4.01,0.63264399508256,2411.8,4.4,7.366666666666666,98.1,66.9,1.0,30.3,0.308868501529052,0.8880000000000052,306.379
173,173,173,173,2017-06-01,190.516,2.45762230356996,1292371.0,38517.0,3.941,142.6,3.904,0.63264399508256,2423.41,4.3,7.433333333333334,109.9,71.3,1.1,37.5,0.3412192902638762,0.9089999999999918,307.314
174,174,174,174,2017-07-01,191.462,2.45762230356996,1322659.0,30288.0,4.142,143.1,3.9675,0.63264399508256,2470.3,4.3,7.5,102.2,69.4,0.6,32.1,0.3140900195694716,0.945999999999998,308.173
175,175,175,175,2017-08-01,192.646,2.45762230356996,1325358.0,2699.0,4.638,144.9,3.88,0.63264399508256,2471.65,4.4,7.3,102.1,65.6,0.3,36.2,0.3545543584720862,1.1839999999999975,309.479
176,176,176,176,2017-09-01,193.741,2.45762230356996,1308607.0,-16751.0,5.259,142.2,3.805,0.63264399508256,2519.36,4.3,7.1000000000000005,96.2,68.2,0.7,27.3,0.2837837837837837,1.0950000000000273,310.268
177,177,177,177,2017-10-01,194.788,2.45762230356996,1287322.0,-21285.0,4.885,143.1,3.895,0.63264399508256,2575.26,4.2,6.9,106.9,73.3,0.6,33.1,0.3096351730589335,1.046999999999997,311.501
178,178,178,178,2017-11-01,195.941,2.45762230356996,1228077.0,-59245.0,5.258,143.5,3.922,0.63264399508256,2647.58,4.2,6.933333333333334,95.1,68.1,1.1,26.0,0.2733964248159832,1.1529999999999916,312.67
179,179,179,179,2017-12-01,197.161,2.45762230356996,1127799.0,-100278.0,5.168,145.7,3.95,0.63264399508256,2673.61,4.1,6.966666666666667,113.4,82.4,1.2,29.8,0.2627865961199294,1.2199999999999989,313.904
180,180,180,180,2018-01-01,198.301,2.96650507100425,1043951.0,-83848.0,5.241,145.2,4.032500000000001,0.526435395564053,2823.81,4.0,7.0,84.0,59.8,0.7,23.5,0.2797619047619047,1.1399999999999864,314.788
181,181,181,181,2018-02-01,199.228,2.96650507100425,1045153.0,1202.0,5.523,147.1,4.33,0.526435395564053,2713.83,4.1,6.933333333333334,88.6,61.3,0.4,26.9,0.3036117381489842,0.9270000000000208,315.277
182,182,182,182,2018-03-01,199.966,2.96650507100425,1067281.0,22128.0,5.685,147.9,4.444,0.526435395564053,2640.87,4.0,6.866666666666666,94.9,67.1,0.8,27.0,0.2845100105374077,0.7379999999999995,315.883
183,183,183,183,2018-04-01,200.661,2.96650507100425,1102064.0,34783.0,6.034,150.0,4.4675,0.526435395564053,2648.05,4.0,6.8,94.7,61.0,0.9,32.8,0.3463569165786694,0.6949999999999932,316.763
184,184,184,184,2018-05-01,201.424,2.96650507100425,1156910.0,54846.0,6.788,151.4,4.586,0.526435395564053,2705.27,3.8,6.9,105.7,74.1,1.0,30.6,0.2894985808893093,0.7630000000000052,317.49
185,185,185,185,2018-06-01,202.239,2.96650507100425,1216504.0,59594.0,6.855,153.3,4.57,0.526435395564053,2718.37,4.0,7.0,108.6,75.6,0.7,32.2,0.2965009208103131,0.8149999999999977,318.318
186,186,186,186,2018-07-01,202.91,2.96650507100425,1261916.0,45412.0,6.971,154.4,4.5275,0.526435395564053,2816.29,3.8,7.1,101.9,67.6,0.5,33.7,0.3307163886162905,0.6709999999999923,319.351
187,187,187,187,2018-08-01,203.656,2.96650507100425,1285666.0,23750.0,6.48,151.9,4.55,0.526435395564053,2901.52,3.8,6.933333333333333,113.9,83.6,0.5,29.9,0.2625109745390693,0.7460000000000093,320.651
188,188,188,188,2018-09-01,204.313,2.96650507100425,1301922.0,16256.0,5.747,151.5,4.6275,0.526435395564053,2913.98,3.7,6.766666666666667,100.9,72.7,0.8,27.3,0.2705649157581764,0.6569999999999823,321.533
189,189,189,189,2018-10-01,205.079,2.96650507100425,1304682.0,2760.0,6.146,152.2,4.83,0.526435395564053,2711.74,3.8,6.6,100.2,75.5,0.8,23.9,0.2385229540918163,0.7660000000000196,322.628
190,190,190,190,2018-11-01,205.652,2.96650507100425,1273047.0,-31635.0,5.31,149.8,4.866,0.526435395564053,2760.17,3.8,6.733333333333333,91.9,66.9,0.9,24.1,0.2622415669205658,0.5729999999999791,323.968
191,191,191,191,2018-12-01,206.142,2.96650507100425,1185865.0,-87182.0,4.962,151.0,4.6375,0.526435395564053,2506.85,3.9,6.866666666666666,99.6,74.9,0.9,23.7,0.2379518072289156,0.4900000000000091,324.815
192,192,192,192,2019-01-01,206.535,2.46703756313913,1110636.0,-75229.0,3.702,148.1,4.464,0.455381285963537,2704.1,4.0,7.0,87.2,64.2,0.2,22.8,0.2614678899082568,0.3930000000000007,325.597
193,193,193,193,2019-02-01,206.86,2.46703756313913,1102660.0,-7976.0,3.79,148.4,4.37,0.455381285963537,2784.49,3.8,6.933333333333334,92.1,57.6,1.2,33.3,0.3615635179153094,0.325000000000017,326.351
194,194,194,194,2019-03-01,207.08,2.46703756313913,1115940.0,13280.0,4.7,152.0,4.265,0.455381285963537,2834.4,3.8,6.866666666666666,104.9,75.2,1.0,28.7,0.2735938989513822,0.2199999999999988,327.513
195,195,195,195,2019-04-01,207.533,2.46703756313913,1137198.0,21258.0,5.006,155.8,4.1425,0.455381285963537,2945.83,3.7,6.8,103.4,72.4,0.9,30.1,0.2911025145067698,0.4529999999999745,328.678
196,196,196,196,2019-05-01,208.15,2.46703756313913,1180920.0,43722.0,4.504,150.2,4.072,0.455381285963537,2752.06,3.6,6.8,103.3,74.6,0.4,28.4,0.2749273959341723,0.6170000000000186,329.333
197,197,197,197,2019-06-01,208.644,2.46703756313913,1219807.0,38887.0,4.195,148.6,3.8025,0.455381285963537,2941.76,3.6,6.8,103.9,76.9,1.0,26.0,0.2502406159769008,0.4939999999999998,330.648
198,198,198,198,2019-07-01,209.249,2.46703756313913,1239534.0,19727.0,4.588,151.7,3.765,0.455381285963537,2980.38,3.7,6.8,108.5,75.9,1.1,31.6,0.2912442396313364,0.6049999999999898,331.605
199,199,199,199,2019-08-01,210.023,2.46703756313913,1235257.0,-4277.0,4.373,152.1,3.616,0.455381285963537,2926.46,3.6,6.666666666666667,116.8,83.3,1.0,32.5,0.2782534246575343,0.7740000000000009,332.638
200,200,200,200,2019-09-01,210.836,2.46703756313913,1224868.0,-10389.0,4.248,155.0,3.605,0.455381285963537,2976.74,3.5,6.533333333333333,96.3,72.9,0.2,23.2,0.2409138110072689,0.8130000000000166,333.834
201,201,201,201,2019-10-01,211.729,2.46703756313913,1208311.0,-16557.0,4.383,152.4,3.688,0.455381285963537,3037.56,3.6,6.4,114.1,84.0,0.5,29.6,0.259421560035057,0.8930000000000007,334.68
202,202,202,202,2019-11-01,212.771,2.46703756313913,1143332.0,-64979.0,5.285,152.2,3.695,0.455381285963537,3140.98,3.6,6.466666666666667,101.4,78.7,0.8,22.0,0.2169625246548323,1.0419999999999732,335.819
203,203,203,203,2019-12-01,213.938,2.46703756313913,1033887.0,-109445.0,5.863,153.1,3.72,0.455381285963537,3230.78,3.6,6.533333333333333,123.1,87.6,0.6,34.9,0.2835093419983753,1.1670000000000016,336.789
204,204,204,204,2020-01-01,215.031,-2.21346933290643,951675.0,-82212.0,6.345,153.5,3.624,0.968999515833015,3225.52,3.6,6.6,90.2,62.5,0.7,27.0,0.2993348115299334,1.0930000000000175,337.825
205,205,205,205,2020-02-01,215.897,-2.21346933290643,928343.0,-23332.0,5.927,152.2,3.4650000000000003,0.968999515833015,2954.22,3.5,6.3,90.8,70.8,0.6,19.4,0.2136563876651982,0.8659999999999854,338.616
206,206,206,206,2020-03-01,216.457,-2.21346933290643,937319.0,8976.0,3.873,153.0,3.45,0.968999515833015,2584.59,4.4,6.0,101.7,72.3,0.6,28.7,0.2822025565388397,0.5600000000000023,339.519
207,207,207,207,2020-04-01,216.858,-2.21346933290643,941733.0,4414.0,0.893,155.7,3.306,0.968999515833015,2912.43,14.8,5.7,94.6,69.3,0.7,24.6,0.2600422832980973,0.4010000000000104,340.135
208,208,208,208,2020-05-01,216.999,-2.21346933290643,928370.0,-13363.0,0.552,153.5,3.2325,0.968999515833015,3044.31,13.2,5.933333333333334,98.5,69.5,1.2,27.7,0.2812182741116751,0.1409999999999911,340.811
209,209,209,209,2020-06-01,217.577,-2.21346933290643,871557.0,-56813.0,1.791,160.7,3.1625,0.968999515833015,3100.29,11.0,6.166666666666667,110.7,81.8,0.4,28.5,0.2574525745257452,0.578000000000003,341.294
210,210,210,210,2020-07-01,219.287,-2.21346933290643,822834.0,-48723.0,2.606,163.9,3.016,0.968999515833015,3271.12,10.2,6.4,117.1,79.5,0.9,36.7,0.3134073441502989,1.710000000000008,341.95
211,211,211,211,2020-08-01,222.26,-2.21346933290643,779558.0,-43276.0,3.33,179.8,2.935,0.968999515833015,3500.31,8.4,6.433333333333334,111.2,78.9,0.9,31.3,0.2814748201438849,2.9729999999999848,342.444
212,212,212,212,2020-09-01,225.723,-2.21346933290643,749395.0,-30163.0,3.521,197.6,2.89,0.968999515833015,3363.0,7.8,6.466666666666667,121.1,78.6,1.0,41.4,0.3418662262592898,3.4630000000000223,342.91
213,213,213,213,2020-10-01,229.649,-2.21346933290643,734040.0,-15355.0,3.094,196.4,2.834,0.968999515833015,3269.96,6.8,6.5,120.8,80.7,1.4,38.8,0.3211920529801324,3.925999999999988,343.615
214,214,214,214,2020-11-01,233.218,-2.21346933290643,683822.0,-50218.0,3.016,177.5,2.765,0.968999515833015,3621.63,6.7,6.6,99.8,75.6,0.8,23.4,0.2344689378757515,3.5689999999999884,344.039
215,215,215,215,2020-12-01,236.542,-2.21346933290643,612300.0,-71522.0,3.375,177.6,2.684,0.968999515833015,3756.07,6.7,6.7,130.5,92.0,1.2,37.3,0.285823754789272,3.3240000000000123,344.455
216,216,216,216,2021-01-01,239.68,5.8002061284573,531775.0,-80525.0,3.612,189.7,2.735,0.157342694282194,3714.24,6.4,6.8,93.7,72.2,0.3,21.1,0.2251867662753468,3.138000000000005,344.758
217,217,217,217,2021-02-01,242.428,5.8002061284573,464919.0,-66856.0,4.337,194.9,2.81,0.157342694282194,3811.15,6.2,6.6,94.6,72.5,0.6,21.5,0.2272727272727273,2.7479999999999905,345.242
218,218,218,218,2021-03-01,245.541,5.8002061284573,440589.0,-24330.0,6.76,198.9,3.0825,0.157342694282194,3972.89,6.1,6.4,120.5,83.9,0.5,36.1,0.2995850622406639,3.1129999999999995,345.717
219,219,219,219,2021-04-01,249.125,5.8002061284573,435663.0,-4926.0,10.626,213.3,3.06,0.157342694282194,4181.17,6.1,6.2,112.4,78.9,0.2,33.3,0.2962633451957295,3.584000000000003,346.267
220,220,220,220,2021-05-01,253.419,5.8002061284573,447662.0,11999.0,12.604,235.1,2.9625,0.157342694282194,4204.11,5.8,6.066666666666666,112.0,80.3,0.4,31.4,0.2803571428571428,4.294000000000011,347.016
221,221,221,221,2021-06-01,258.246,5.8002061284573,492425.0,44763.0,13.66,251.7,2.975,0.157342694282194,4297.5,5.9,5.933333333333334,115.9,80.9,0.7,34.4,0.2968075927523727,4.82699999999997,347.833
222,222,222,222,2021-07-01,262.616,5.8002061284573,546686.0,54261.0,13.586,229.959,2.868,0.157342694282194,4395.26,5.4,5.8,121.4,78.5,1.3,41.5,0.3418451400329489,4.3700000000000045,348.469
223,223,223,223,2021-08-01,266.582,5.8002061284573,574638.0,27952.0,13.423,212.302,2.8425,0.157342694282194,4522.68,5.1,5.733333333333333,117.6,83.0,0.6,34.0,0.2891156462585034,3.966000000000008,349.71
224,224,224,224,2021-09-01,270.166,5.8002061284573,578070.0,3432.0,13.936,204.828,2.9,0.157342694282194,4307.54,4.7,5.666666666666666,103.0,79.0,0.6,23.4,0.2271844660194174,3.584000000000003,351.255
225,225,225,225,2021-10-01,273.546,5.8002061284573,565707.0,-12363.0,16.185,204.302,3.0675,0.157342694282194,4605.38,4.5,5.6,110.8,83.0,1.2,26.6,0.240072202166065,3.3799999999999955,352.892
226,226,226,226,2021-11-01,277.262,5.8002061284573,512241.0,-53466.0,17.904,196.066,3.0675,0.157342694282194,4567.0,4.1,5.666666666666666,111.7,78.2,0.7,32.8,0.2936436884512086,3.716000000000008,354.526
227,227,227,227,2021-12-01,281.486,5.8002061284573,445303.0,-66938.0,18.803,199.89,3.098,0.157342694282194,4766.18,3.9,5.733333333333333,127.3,99.2,0.5,27.6,0.2168106834249804,4.2239999999999895,355.931
228,228,228,228,2022-01-01,286.172,1.93549589483209,376970.0,-68333.0,19.872,217.684,3.4450000000000003,0.367472693654024,4515.55,4.0,5.8,87.1,65.6,0.9,20.6,0.2365097588978186,4.686000000000036,357.737
229,229,229,229,2022-02-01,291.242,1.93549589483209,346511.0,-30459.0,20.952,235.392,3.7625,0.367472693654024,4373.94,3.8,5.733333333333333,98.6,78.6,0.5,19.5,0.1977687626774848,5.069999999999993,359.627
230,230,230,230,2022-03-01,296.512,1.93549589483209,354016.0,7505.0,22.643,259.213,4.172,0.367472693654024,4530.41,3.6,5.666666666666666,112.7,87.9,0.9,23.9,0.2120674356699201,5.269999999999982,361.083
231,231,231,231,2022-04-01,300.584,1.93549589483209,379978.0,25962.0,22.012,255.198,4.9825,0.367472693654024,4131.93,3.7,5.6,107.4,81.2,1.2,25.0,0.2327746741154562,4.072000000000003,362.951
232,232,232,232,2022-05-01,303.704,1.93549589483209,479462.0,99484.0,22.907,246.398,5.23,0.367472693654024,4132.15,3.6,5.733333333333333,120.9,87.1,0.5,33.3,0.2754342431761786,3.1200000000000045,365.116
233,233,233,233,2022-06-01,304.468,1.93549589483209,573650.0,94188.0,24.332,232.225,5.522,0.367472693654024,3785.38,3.6,5.866666666666666,122.4,87.5,0.6,34.3,0.2802287581699346,0.76400000000001,367.927
234,234,234,234,2022-07-01,303.505,1.93549589483209,691652.0,118002.0,22.983,223.55,5.4125,0.367472693654024,4130.29,3.5,6.0,123.5,82.9,0.5,40.2,0.3255060728744939,-0.9630000000000224,370.448
235,235,235,235,2022-08-01,301.029,1.93549589483209,726779.0,35127.0,22.42,212.657,5.2225,0.367472693654024,3955.0,3.6,5.933333333333334,122.2,90.0,0.7,31.6,0.2585924713584288,-2.475999999999999,373.283
236,236,236,236,2022-09-01,299.006,1.93549589483209,731496.0,4717.0,22.454,206.378,6.112,0.367472693654024,3585.62,3.5,5.866666666666666,120.4,88.5,0.2,31.8,0.2641196013289036,-2.023000000000025,376.569
237,237,237,237,2022-10-01,298.612,1.93549589483209,752741.0,21245.0,21.429,209.471,6.9,0.367472693654024,3871.98,3.6,5.8,118.1,84.7,1.5,31.9,0.2701100762066046,-0.3939999999999486,379.436
238,238,238,238,2022-11-01,298.332,1.93549589483209,750200.0,-2541.0,19.849,210.49,6.805,0.367472693654024,4080.11,3.6,6.0,125.1,91.3,0.7,33.1,0.2645883293365308,-0.2800000000000295,382.562
239,239,239,239,2022-12-01,297.628,1.93549589483209,680925.0,-69275.0,18.004,200.109,6.364,0.367472693654024,3839.5,3.5,6.2,132.0,96.8,1.3,33.9,0.2568181818181818,-0.7040000000000077,385.649
240,240,240,240,2023-01-01,297.43,2.54270029878489,616865.0,-64060.0,17.966,202.84,6.2725,0.491924871690548,4076.6,3.4,6.4,94.8,71.0,0.6,23.2,0.2447257383966244,-0.197999999999979,388.372
241,241,241,241,2023-02-01,297.73900000000003,2.54270029878489,579264.0,-37601.0,16.974,211.059,6.2575,0.491924871690548,3970.15,3.6,6.366666666666667,111.7,76.9,0.4,34.4,0.3079677708146822,0.3090000000000259,391.141
242,242,242,242,2023-03-01,298.796,2.54270029878489,562444.0,-16820.0,14.191,210.11,6.544,0.491924871690548,4109.31,3.5,6.333333333333333,126.4,87.2,1.0,38.2,0.3022151898734177,1.0569999999999595,392.91
243,243,243,243,2023-04-01,300.262,2.54270029878489,562966.0,522.0,14.268,210.049,6.342499999999999,0.491924871690548,4169.48,3.4,6.3,111.3,77.4,1.3,32.6,0.2929020664869721,1.4660000000000082,394.898
244,244,244,244,2023-05-01,302.48900000000003,2.54270029878489,582441.0,19475.0,12.006,207.698,6.425,0.491924871690548,4179.83,3.7,6.4,129.6,84.4,1.6,43.7,0.3371913580246914,2.2270000000000323,396.726
245,245,245,245,2023-06-01,304.343,2.54270029878489,614326.0,31885.0,9.007,208.814,6.714,0.491924871690548,4450.38,3.6,6.5,131.1,87.2,0.7,43.2,0.3295194508009154,1.853999999999985,398.593
246,246,246,246,2023-07-01,306.451,2.54270029878489,647135.0,32809.0,9.651,212.644,6.84,0.491924871690548,4588.96,3.5,6.6,115.7,83.0,0.9,31.8,0.2748487467588591,2.108000000000004,400.21
247,247,247,247,2023-08-01,308.83,2.54270029878489,669750.0,22615.0,10.978,208.731,7.072,0.491924871690548,4507.66,3.8,6.6,122.1,82.4,1.1,38.6,0.3161343161343161,2.3789999999999623,402.247
248,248,248,248,2023-09-01,310.894,2.54270029878489,702430.0,32680.0,10.947,209.372,7.2,0.491924871690548,4288.05,3.8,6.6,123.0,83.8,0.8,38.4,0.3121951219512195,2.0640000000000214,404.487
249,249,249,249,2023-10-01,312.756,2.54270029878489,738082.0,35652.0,9.668,209.476,7.62,0.491924871690548,4193.8,3.8,6.6,118.6,85.2,1.1,32.3,0.2723440134907251,1.8619999999999663,406.683
250,250,250,250,2023-11-01,313.632,2.54270029878489,755489.0,17407.0,9.376,206.088,7.442,0.491924871690548,4567.8,3.7,6.6,116.4,79.1,1.3,36.0,0.3092783505154639,0.8760000000000332,408.838
251,251,251,251,2023-12-01,314.443,2.54270029878489,714176.0,-41313.0,9.93,206.408,6.815,0.491924871690548,4769.83,3.7,6.6,151.8,104.8,0.9,46.2,0.3043478260869565,0.8109999999999786,410.606
252,252,252,252,2024-01-01,315.728,0.0,665569.0,-48607.0,9.329,205.732,6.6425,0.0,4845.65,3.7,6.6,0.0,0.0,0.0,0.0,,1.285000000000025,412.019
253,253,253,253,2024-02-01,317.257,0.0,664716.0,-853.0,9.545,213.877,6.776000000000001,0.0,5096.27,3.9,6.6,0.0,0.0,0.0,0.0,,1.5289999999999964,413.695
254,254,254,254,2024-03-01,318.217,0.0,694820.0,30104.0,10.486,215.136,6.82,0.0,5254.35,3.8,6.6,0.0,0.0,0.0,0.0,,0.9599999999999796,415.219
255,255,255,255,2024-04-01,319.048,0.0,734318.0,39498.0,10.175,218.505,6.9925,0.0,5035.69,3.9,6.6,0.0,0.0,0.0,0.0,,0.8310000000000173,416.386
