,Unnamed: 0,DATE,house_price,gdp_growth,house_inventory,Diff_house_inventory,inflation,material_cost,mortgage_rate,population_growth,shares,Unemployment,vacancy_rate,Total,1 unit,2 to 4,5 units
0,0,2003-01-01,128.461,2.795605965883,0.0,0.0,4.9,0.0,5.916,0.859481712840946,855.70,0.0,9.4,113.3,90.1,3.4,19.8
1,1,2003-02-01,129.356,2.795605965883,0.0,0.0,5.6,0.0,5.8425,0.859481712840946,841.15,0.0,0.0,115.7,92.3,1.7,21.7
2,2,2003-03-01,130.148,2.795605965883,0.0,0.0,5.4,0.0,5.745,0.859481712840946,848.18,0.0,0.0,125.4,101.0,3.5,20.9
3,3,2003-04-01,130.885,2.795605965883,0.0,0.0,3.9,0.0,5.8125,0.859481712840946,916.92,0.0,9.6,129.5,105.2,3.1,21.3
4,4,2003-05-01,131.735,2.795605965883,0.0,0.0,3.4,0.0,5.484,0.859481712840946,963.59,0.0,0.0,142.9,113.4,2.6,26.9
5,5,2003-06-01,132.649,2.795605965883,0.0,0.0,3.5,0.0,5.23,0.859481712840946,974.50,0.0,0.0,144.2,117.1,2.3,24.8
6,6,2003-07-01,133.77700000000002,2.795605965883,0.0,0.0,3.7,0.0,5.6325,0.859481712840946,990.31,0.0,9.9,141.6,117.5,2.7,21.4
7,7,2003-08-01,134.968,2.795605965883,0.0,0.0,4.0,0.0,6.264,0.859481712840946,"1,008.01",0.0,0.0,143.2,117.1,2.1,24.0
8,8,2003-09-01,136.29399999999998,2.795605965883,0.0,0.0,4.3,0.0,6.1475,0.859481712840946,995.97,0.0,0.0,152.5,126.6,3.7,22.1
9,9,2003-10-01,137.532,2.795605965883,0.0,0.0,3.7,0.0,5.952,0.859481712840946,"1,050.71",0.0,10.2,155.4,135.2,1.7,18.5
10,10,2003-11-01,138.795,2.795605965883,0.0,0.0,3.5,0.0,5.9325,0.859481712840946,"1,058.20",0.0,0.0,148.5,129.4,1.8,17.3
11,11,2003-12-01,140.18,2.795605965883,0.0,0.0,3.7,100.0,5.876,0.859481712840946,"1,111.92",0.0,0.0,166.4,141.4,3.0,22.0
12,12,2004-01-01,141.64700000000002,3.84777169205226,0.0,0.0,3.7,102.5,5.7125,0.925483968943482,"1,131.13",0.0,10.4,118.6,99.4,0.9,18.2
13,13,2004-02-01,143.192,3.84777169205226,0.0,0.0,3.1,104.1,5.635,0.925483968943482,"1,144.94",0.0,0.0,119.5,101.2,2.1,16.2
14,14,2004-03-01,145.058,3.84777169205226,0.0,0.0,3.2,105.1,5.445,0.925483968943482,"1,126.21",0.0,0.0,137.0,115.1,1.5,20.4
15,15,2004-04-01,146.592,3.84777169205226,0.0,0.0,4.2,108.6,5.83,0.925483968943482,"1,107.30",0.0,10.2,152.0,129.0,1.7,21.3
16,16,2004-05-01,148.186,3.84777169205226,0.0,0.0,5.3,107.7,6.27,0.925483968943482,"1,120.68",0.0,0.0,159.5,125.1,1.9,32.5
17,17,2004-06-01,149.851,3.84777169205226,0.0,0.0,5.8,108.7,6.2875,0.925483968943482,"1,140.84",5.6,0.0,162.1,130.4,2.2,29.5
18,18,2004-07-01,151.338,3.84777169205226,0.0,0.0,5.4,113.1,6.056,0.925483968943482,"1,101.72",5.5,10.1,159.0,127.8,3.0,28.2
19,19,2004-08-01,152.634,3.84777169205226,0.0,0.0,4.7,112.5,5.8675,0.925483968943482,"1,104.24",5.4,0.0,176.6,137.2,2.0,37.4
20,20,2004-09-01,154.18,3.84777169205226,0.0,0.0,4.7,115.5,5.754,0.925483968943482,"1,114.58",5.4,0.0,158.2,136.2,1.7,20.3
21,21,2004-10-01,155.752,3.84777169205226,0.0,0.0,5.9,110.6,5.7225,0.925483968943482,"1,130.20",5.5,10.0,165.1,140.7,2.4,22.0
22,22,2004-11-01,157.528,3.84777169205226,0.0,0.0,6.7,108.4,5.73,0.925483968943482,"1,173.82",5.4,0.0,150.4,128.7,1.6,20.1
23,23,2004-12-01,159.33100000000002,3.84777169205226,0.0,0.0,6.2,108.1,5.752,0.925483968943482,"1,211.92",5.4,0.0,184.1,160.8,2.4,20.8
24,24,2005-01-01,161.289,3.483549937943,0.0,0.0,5.3,108.6,5.71,0.921713167161207,"1,181.27",5.3,10.1,130.9,109.8,3.2,18.0
25,25,2005-02-01,163.344,3.483549937943,0.0,0.0,5.7,110.8,5.6275,0.921713167161207,"1,203.60",5.4,0.0,132.0,111.7,3.5,16.7
26,26,2005-03-01,165.813,3.483549937943,0.0,0.0,6.0,110.0,5.928,0.921713167161207,"1,180.59",5.2,0.0,135.7,116.7,2.1,17.0
27,27,2005-04-01,167.502,3.483549937943,0.0,0.0,6.3,110.4,5.855,0.921713167161207,"1,156.85",5.2,9.8,150.7,126.7,2.2,21.8
28,28,2005-05-01,169.351,3.483549937943,0.0,0.0,5.4,106.9,5.72,0.921713167161207,"1,191.50",5.1,0.0,176.3,145.3,4.2,26.8
29,29,2005-06-01,171.19099999999997,3.483549937943,0.0,0.0,4.8,106.8,5.582,0.921713167161207,"1,191.33",5.0,0.0,171.0,144.5,3.0,23.4
30,30,2005-07-01,172.86,3.483549937943,0.0,0.0,5.8,106.6,5.695,0.921713167161207,"1,234.18",5.0,9.9,158.5,136.3,3.5,18.6
31,31,2005-08-01,174.442,3.483549937943,0.0,0.0,6.9,108.1,5.82,0.921713167161207,"1,220.33",4.9,0.0,178.3,145.0,5.2,28.1
32,32,2005-09-01,176.437,3.483549937943,0.0,0.0,9.0,111.2,5.774,0.921713167161207,"1,228.81",5.0,0.0,172.0,147.8,2.8,21.4
33,33,2005-10-01,178.02700000000002,3.483549937943,0.0,0.0,8.3,111.2,6.065,0.921713167161207,"1,207.01",5.0,9.6,175.7,147.1,2.2,26.3
34,34,2005-11-01,179.68,3.483549937943,0.0,0.0,6.4,112.6,6.33,0.921713167161207,"1,249.48",5.0,0.0,162.8,142.2,1.9,18.8
35,35,2005-12-01,180.91,3.483549937943,0.0,0.0,6.4,115.3,6.272,0.921713167161207,"1,248.29",4.9,0.0,187.5,162.8,3.6,21.1
36,36,2006-01-01,182.32,2.78453963938148,0.0,0.0,7.7,115.7,6.145,0.964253917136075,"1,280.08",4.7,9.5,142.4,115.1,3.2,24.0
37,37,2006-02-01,183.287,2.78453963938148,0.0,0.0,7.0,116.6,6.2525,0.964253917136075,"1,280.66",4.8,0.0,141.7,120.8,4.8,16.1
38,38,2006-03-01,184.365,2.78453963938148,0.0,0.0,6.6,115.1,6.324,0.964253917136075,"1,294.87",4.7,0.0,169.2,144.9,3.5,20.8
39,39,2006-04-01,184.328,2.78453963938148,0.0,0.0,7.0,117.9,6.5075,0.964253917136075,"1,310.61",4.7,9.6,160.3,134.0,2.6,23.8
40,40,2006-05-01,184.155,2.78453963938148,0.0,0.0,7.7,116.4,6.5975,0.964253917136075,"1,270.09",4.6,0.0,158.8,133.7,3.0,22.2
41,41,2006-06-01,183.507,2.78453963938148,0.0,0.0,8.1,122.8,6.682,0.964253917136075,"1,270.20",4.6,0.0,179.6,151.7,2.7,25.2
42,42,2006-07-01,183.066,2.78453963938148,0.0,0.0,8.0,122.5,6.7625,0.964253917136075,"1,276.66",4.7,9.9,163.6,138.7,2.1,22.9
43,43,2006-08-01,182.593,2.78453963938148,0.0,0.0,7.7,123.6,6.523999999999999,0.964253917136075,"1,303.82",4.7,0.0,170.4,142.4,2.8,25.2
44,44,2006-09-01,182.798,2.78453963938148,0.0,0.0,4.0,127.7,6.4025,0.964253917136075,"1,335.85",4.5,0.0,180.9,152.6,2.9,25.4
45,45,2006-10-01,183.197,2.78453963938148,0.0,0.0,2.8,122.0,6.3575,0.964253917136075,"1,377.94",4.4,9.8,172.5,142.4,3.5,26.5
46,46,2006-11-01,183.608,2.78453963938148,0.0,0.0,3.9,117.2,6.24,0.964253917136075,"1,400.63",4.5,0.0,158.9,131.4,4.9,22.6
47,47,2006-12-01,184.138,2.78453963938148,0.0,0.0,5.0,119.8,6.135,0.964253917136075,"1,418.30",4.4,0.0,181.1,146.7,4.8,29.5
48,48,2007-01-01,184.516,2.00385829825838,0.0,0.0,4.137,119.7,6.2175,0.951055242772428,"1,438.24",4.6,10.1,127.3,103.9,2.2,21.1
49,49,2007-02-01,184.598,2.00385829825838,0.0,0.0,4.826,121.0,6.285,0.951055242772428,"1,406.82",4.5,0.0,112.5,90.5,2.6,19.4
50,50,2007-03-01,184.15,2.00385829825838,0.0,0.0,5.588,121.1,6.156000000000001,0.951055242772428,"1,420.86",4.4,0.0,122.8,100.2,2.8,19.8
51,51,2007-04-01,183.01,2.00385829825838,0.0,0.0,5.204,121.3,6.18,0.951055242772428,"1,482.37",4.5,9.5,118.9,98.1,3.1,17.8
52,52,2007-05-01,181.6,2.00385829825838,0.0,0.0,5.455,124.6,6.2620000000000005,0.951055242772428,"1,530.62",4.4,0.0,129.5,107.5,3.8,18.2
53,53,2007-06-01,180.253,2.00385829825838,0.0,0.0,5.434,125.2,6.657500000000001,0.951055242772428,"1,503.35",4.6,0.0,131.2,107.5,2.9,20.7
54,54,2007-07-01,179.11,2.00385829825838,0.0,0.0,4.703,125.1,6.695,0.951055242772428,"1,455.27",4.7,9.8,129.0,101.2,2.7,25.1
55,55,2007-08-01,178.116,2.00385829825838,0.0,0.0,3.867,123.5,6.572,0.951055242772428,"1,473.99",4.6,0.0,136.9,107.9,2.5,26.5
56,56,2007-09-01,177.55700000000002,2.00385829825838,0.0,0.0,5.747,122.9,6.3825,0.951055242772428,"1,526.75",4.7,0.0,123.2,99.8,2.6,20.7
57,57,2007-10-01,176.623,2.00385829825838,0.0,0.0,7.29,122.0,6.375,0.951055242772428,"1,549.38",4.7,9.6,126.0,103.4,2.4,20.3
58,58,2007-11-01,175.146,2.00385829825838,0.0,0.0,8.834,120.2,6.208,0.951055242772428,"1,481.14",4.7,0.0,118.7,98.9,2.3,17.5
59,59,2007-12-01,174.34099999999998,2.00385829825838,0.0,0.0,8.345,122.1,6.095,0.951055242772428,"1,468.36",5.0,0.0,126.8,99.4,1.5,25.8
60,60,2008-01-01,173.13099999999997,0.113587248258867,0.0,0.0,8.737,120.4,5.758,0.945865287282592,"1,378.55",5.0,10.1,93.5,69.0,3.1,21.4
61,61,2008-02-01,171.53900000000002,0.113587248258867,0.0,0.0,8.461,120.5,5.9175,0.945865287282592,"1,330.63",4.9,0.0,87.0,63.2,2.1,21.7
62,62,2008-03-01,170.05200000000002,0.113587248258867,0.0,0.0,8.16,119.6,5.97,0.945865287282592,"1,322.70",5.1,0.0,89.8,69.0,1.0,19.8
63,63,2008-04-01,168.33700000000002,0.113587248258867,0.0,0.0,8.038,119.0,5.9175,0.945865287282592,"1,385.59",5.0,10.0,79.6,62.0,2.5,15.0
64,64,2008-05-01,166.658,0.113587248258867,0.0,0.0,8.453,119.5,6.036,0.945865287282592,"1,400.38",5.4,0.0,96.5,73.6,1.5,21.4
65,65,2008-06-01,165.016,0.113587248258867,0.0,0.0,10.229,123.5,6.32,0.945865287282592,"1,280.00",5.6,0.0,99.7,73.6,1.9,24.2
66,66,2008-07-01,163.564,0.113587248258867,0.0,0.0,11.413,123.9,6.425999999999999,0.945865287282592,"1,267.38",5.8,9.9,91.5,69.2,2.0,20.3
67,67,2008-08-01,161.986,0.113587248258867,0.0,0.0,11.023,122.6,6.4775,0.945865287282592,"1,282.83",6.1,0.0,94.5,62.3,1.9,30.2
68,68,2008-09-01,160.30700000000002,0.113587248258867,0.0,0.0,10.33,122.6,6.0375,0.945865287282592,"1,166.36",6.1,0.0,104.2,75.3,3.0,25.9
69,69,2008-10-01,158.326,0.113587248258867,0.0,0.0,7.805,120.9,6.2,0.945865287282592,968.75,6.5,10.1,94.1,68.5,1.1,24.5
70,70,2008-11-01,156.141,0.113587248258867,0.0,0.0,2.319,120.6,6.0875,0.945865287282592,896.24,6.8,0.0,91.5,66.8,1.6,23.1
71,71,2008-12-01,153.618,0.113587248258867,0.0,0.0,-0.047,119.1,5.286,0.945865287282592,903.25,7.3,0.0,97.8,66.3,2.0,29.5
72,72,2009-01-01,151.506,-2.57650023426996,0.0,0.0,-0.241,122.0,5.047499999999999,0.876651298802912,825.88,7.8,10.1,54.7,39.0,0.5,15.1
73,73,2009-02-01,150.014,-2.57650023426996,0.0,0.0,0.018,120.9,5.13,0.876651298802912,735.09,8.3,0.0,56.5,36.4,0.9,19.1
74,74,2009-03-01,148.659,-2.57650023426996,0.0,0.0,-0.953,122.0,5.0025,0.876651298802912,797.87,8.7,0.0,62.1,41.3,1.1,19.7
75,75,2009-04-01,147.947,-2.57650023426996,0.0,0.0,-1.233,122.0,4.8100000000000005,0.876651298802912,872.81,9.0,10.6,65.5,41.3,1.2,23.0
76,76,2009-05-01,147.69299999999998,-2.57650023426996,0.0,0.0,-2.186,120.8,4.8575,0.876651298802912,919.14,9.4,0.0,68.1,41.1,0.9,26.1
77,77,2009-06-01,148.088,-2.57650023426996,0.0,0.0,-2.673,123.0,5.42,0.876651298802912,919.32,9.5,0.0,70.3,44.4,1.0,24.9
78,78,2009-07-01,148.408,-2.57650023426996,0.0,0.0,-4.29,121.9,5.222,0.876651298802912,987.48,9.5,11.1,66.4,41.1,1.2,24.2
79,79,2009-08-01,148.27700000000002,-2.57650023426996,0.0,0.0,-3.245,122.6,5.1925,0.876651298802912,"1,020.62",9.6,0.0,73.9,44.5,1.7,27.8
80,80,2009-09-01,148.024,-2.57650023426996,0.0,0.0,-3.016,121.5,5.0575,0.876651298802912,"1,057.08",9.8,0.0,64.4,43.9,1.5,19.1
81,81,2009-10-01,147.85,-2.57650023426996,0.0,0.0,-0.486,118.2,4.952,0.876651298802912,"1,036.19",10.0,10.7,67.4,49.0,1.3,17.1
82,82,2009-11-01,148.136,-2.57650023426996,0.0,0.0,4.081,114.9,4.875,0.876651298802912,"1,095.63",9.9,0.0,72.6,50.1,1.3,21.2
83,83,2009-12-01,147.93,-2.57650023426996,0.0,0.0,5.949,119.5,4.93,0.876651298802912,"1,115.10",9.9,0.0,72.4,48.0,2.0,22.5
84,84,2010-01-01,147.39600000000002,2.6951925838264,0.0,0.0,5.555,119.7,5.03,0.829616674709795,"1,073.87",9.8,10.6,46.3,30.0,1.3,15.1
85,85,2010-02-01,145.631,2.6951925838264,0.0,0.0,4.576,119.6,4.99,0.829616674709795,"1,104.49",9.8,0.0,45.4,30.7,0.6,14.1
86,86,2010-03-01,145.858,2.6951925838264,0.0,0.0,4.858,120.3,4.9675,0.829616674709795,"1,169.43",9.9,0.0,48.6,37.6,0.6,10.4
87,87,2010-04-01,146.401,2.6951925838264,0.0,0.0,4.694,126.2,5.098000000000001,0.829616674709795,"1,186.69",9.9,10.6,57.7,42.9,0.9,13.9
88,88,2010-05-01,146.392,2.6951925838264,0.0,0.0,4.268,125.6,4.8875,0.829616674709795,"1,089.41",9.6,0.0,58.7,43.0,0.5,15.2
89,89,2010-06-01,145.719,2.6951925838264,0.0,0.0,2.409,120.0,4.7375,0.829616674709795,"1,030.71",9.4,0.0,77.7,60.1,0.7,16.9
90,90,2010-07-01,144.987,2.6951925838264,0.0,0.0,2.879,122.0,4.564,0.829616674709795,"1,101.60",9.4,10.3,48.2,39.2,0.7,8.3
91,91,2010-08-01,143.912,2.6951925838264,0.0,0.0,2.478,121.3,4.4275,0.829616674709795,"1,049.33",9.5,0.0,54.6,41.4,0.6,12.6
92,92,2010-09-01,143.015,2.6951925838264,0.0,0.0,2.414,121.4,4.346,0.829616674709795,"1,141.20",9.5,0.0,56.7,43.9,1.0,11.8
93,93,2010-10-01,142.526,2.6951925838264,0.0,0.0,2.526,120.4,4.225,0.829616674709795,"1,183.26",9.4,9.4,54.8,44.7,0.6,9.5
94,94,2010-11-01,142.167,2.6951925838264,0.0,0.0,2.356,120.2,4.3,0.829616674709795,"1,180.55",9.8,0.0,48.3,38.7,0.4,9.2
95,95,2010-12-01,142.054,2.6951925838264,0.0,0.0,3.125,121.6,4.714,0.829616674709795,"1,257.64",9.3,0.0,54.7,44.0,1.0,9.6
96,96,2011-01-01,141.516,1.56440685438301,0.0,0.0,3.699,122.1,4.755,0.726786704810745,"1,286.12",9.1,9.7,35.0,28.4,0.4,6.2
97,97,2011-02-01,140.343,1.56440685438301,0.0,0.0,4.617,123.8,4.9525,0.726786704810745,"1,327.22",9.0,0.0,42.0,32.9,0.5,8.5
98,98,2011-03-01,139.975,1.56440685438301,0.0,0.0,5.693,125.1,4.836,0.726786704810745,"1,325.83",9.0,0.0,43.8,28.2,0.5,15.1
99,99,2011-04-01,140.007,1.56440685438301,0.0,0.0,6.69,125.5,4.84,0.726786704810745,"1,363.61",9.1,9.2,42.2,33.3,1.3,7.7
100,100,2011-05-01,139.903,1.56440685438301,0.0,0.0,7.516,124.2,4.6375,0.726786704810745,"1,345.20",9.0,0.0,45.4,36.6,0.4,8.4
101,101,2011-06-01,139.86,1.56440685438301,0.0,0.0,7.607,123.1,4.51,0.726786704810745,"1,320.64",9.1,0.0,50.5,39.7,1.4,9.4
102,102,2011-07-01,139.72799999999998,1.56440685438301,0.0,0.0,7.79,123.2,4.545,0.726786704810745,"1,292.28",9.0,9.8,53.6,40.2,0.8,12.6
103,103,2011-08-01,139.308,1.56440685438301,0.0,0.0,8.183,124.3,4.27,0.726786704810745,"1,218.89",9.0,0.0,57.3,42.1,0.5,14.7
104,104,2011-09-01,138.667,1.56440685438301,0.0,0.0,8.322,123.8,4.106,0.726786704810745,"1,131.42",9.0,0.0,54.7,38.4,0.9,15.3
105,105,2011-10-01,137.951,1.56440685438301,0.0,0.0,7.715,126.1,4.0675,0.726786704810745,"1,253.30",8.8,9.4,52.1,41.3,0.5,10.3
106,106,2011-11-01,137.15,1.56440685438301,0.0,0.0,7.579,126.0,3.9925,0.726786704810745,"1,246.96",8.6,0.0,50.1,40.7,0.4,9.0
107,107,2011-12-01,136.672,1.56440685438301,0.0,0.0,6.751,125.2,3.958,0.726786704810745,"1,257.60",8.5,0.0,58.3,44.8,0.8,12.6
108,108,2012-01-01,136.606,2.28911338767897,0.0,0.0,6.655,126.0,3.915,0.733599941250847,"1,312.41",8.3,8.8,36.4,26.0,0.6,9.8
109,109,2012-02-01,136.531,2.28911338767897,0.0,0.0,6.431,126.9,3.89,0.733599941250847,"1,365.68",8.3,0.0,39.0,29.4,0.3,9.3
110,110,2012-03-01,137.90200000000002,2.28911338767897,0.0,0.0,5.761,127.4,3.954,0.733599941250847,"1,408.47",8.2,0.0,44.4,33.6,0.8,9.9
111,111,2012-04-01,139.151,2.28911338767897,0.0,0.0,5.094,128.9,3.91,0.733599941250847,"1,397.91",8.2,8.6,52.3,37.6,0.3,14.5
112,112,2012-05-01,140.15200000000002,2.28911338767897,0.0,0.0,3.907,127.8,3.798,0.733599941250847,"1,310.33",8.2,0.0,50.0,39.3,1.2,9.5
113,113,2012-06-01,141.028,2.28911338767897,0.0,0.0,3.718,128.8,3.675,0.733599941250847,"1,362.16",8.2,0.0,55.1,42.4,1.4,11.2
114,114,2012-07-01,141.66899999999998,2.28911338767897,0.0,0.0,3.195,128.5,3.55,0.733599941250847,"1,379.32",8.2,8.6,58.2,38.3,0.9,19.0
115,115,2012-08-01,142.278,2.28911338767897,0.0,0.0,3.812,130.4,3.6019999999999994,0.733599941250847,"1,406.58",8.1,0.0,64.8,43.3,1.0,20.5
116,116,2012-09-01,142.906,2.28911338767897,0.0,0.0,4.418,132.3,3.4975,0.733599941250847,"1,440.67",7.8,0.0,58.7,46.6,0.4,11.7
117,117,2012-10-01,143.597,2.28911338767897,0.0,0.0,4.888,132.2,3.3825000000000003,0.733599941250847,"1,412.16",7.8,8.7,67.7,50.1,0.4,17.2
118,118,2012-11-01,144.58,2.28911338767897,0.0,0.0,4.08,131.4,3.3519999999999994,0.733599941250847,"1,416.18",7.7,0.0,57.8,45.6,0.7,11.5
119,119,2012-12-01,145.497,2.28911338767897,0.0,0.0,3.998,133.4,3.345,0.733599941250847,"1,426.19",7.9,0.0,64.8,50.7,0.7,13.4
120,120,2013-01-01,146.82299999999998,2.11783009919846,0.0,0.0,3.837,135.8,3.414,0.692860276624581,"1,498.11",8.0,8.6,47.5,36.9,0.6,9.9
121,121,2013-02-01,147.781,2.11783009919846,0.0,0.0,4.608,138.9,3.5325,0.692860276624581,"1,514.68",7.7,0.0,49.7,39.6,0.5,9.7
122,122,2013-03-01,149.96,2.11783009919846,0.0,0.0,3.475,139.1,3.565,0.692860276624581,"1,569.19",7.5,0.0,61.7,45.8,0.4,15.5
123,123,2013-04-01,151.517,2.11783009919846,0.0,0.0,2.61,141.9,3.4450000000000003,0.692860276624581,"1,597.57",7.6,8.2,54.6,40.5,0.5,13.6
124,124,2013-05-01,152.849,2.11783009919846,0.0,0.0,3.18,140.7,3.536,0.692860276624581,"1,630.74",7.5,0.0,58.3,46.3,0.8,11.2
125,125,2013-06-01,154.19899999999998,2.11783009919846,0.0,0.0,3.921,140.2,4.07,0.692860276624581,"1,606.28",7.5,0.0,66.0,47.0,1.2,17.8
126,126,2013-07-01,155.60399999999998,2.11783009919846,0.0,0.0,4.31,140.6,4.37,0.692860276624581,"1,685.73",7.3,8.3,67.0,47.2,0.8,19.0
127,127,2013-08-01,156.961,2.11783009919846,0.0,0.0,3.538,138.0,4.456,0.692860276624581,"1,632.97",7.2,0.0,71.6,50.7,0.5,20.5
128,128,2013-09-01,158.22299999999998,2.11783009919846,0.0,0.0,2.529,139.0,4.49,0.692860276624581,"1,681.55",7.2,0.0,69.7,50.9,0.7,18.0
129,129,2013-10-01,159.239,2.11783009919846,0.0,0.0,2.031,137.5,4.192,0.692860276624581,"1,756.54",7.2,8.2,73.7,56.9,1.0,15.9
130,130,2013-11-01,160.07299999999998,2.11783009919846,0.0,0.0,2.851,135.8,4.255,0.692860276624581,"1,805.81",6.9,0.0,70.8,52.9,0.9,17.0
131,131,2013-12-01,160.99200000000002,2.11783009919846,0.0,0.0,3.498,136.0,4.4575,0.692860276624581,"1,848.36",6.7,0.0,73.8,54.5,1.2,18.1
132,132,2014-01-01,161.923,2.52381981441982,0.0,0.0,3.609,136.0,4.432,0.733361519937424,"1,782.59",6.6,8.3,56.2,40.3,0.9,15.0
133,133,2014-02-01,162.52100000000002,2.52381981441982,0.0,0.0,2.61,135.6,4.3025,0.733361519937424,"1,859.45",6.7,0.0,59.5,43.1,0.6,15.8
134,134,2014-03-01,163.08100000000002,2.52381981441982,0.0,0.0,3.746,133.8,4.3425,0.733361519937424,"1,872.34",6.7,0.0,67.6,47.8,0.9,18.8
135,135,2014-04-01,163.387,2.52381981441982,0.0,0.0,4.671,133.9,4.3375,0.733361519937424,"1,883.95",6.2,7.5,63.8,46.4,0.3,17.1
136,136,2014-05-01,163.655,2.52381981441982,0.0,0.0,5.025,134.1,4.192,0.733361519937424,"1,923.57",6.3,0.0,73.4,52.7,0.9,19.7
137,137,2014-06-01,164.065,2.52381981441982,0.0,0.0,4.786,134.6,4.1625,0.733361519937424,"1,960.23",6.1,0.0,71.0,51.0,0.4,19.6
138,138,2014-07-01,164.585,2.52381981441982,0.0,0.0,4.598,136.0,4.13,0.733361519937424,"1,930.67",6.2,7.4,71.9,51.5,0.6,19.8
139,139,2014-08-01,165.21099999999998,2.52381981441982,0.0,0.0,4.004,135.7,4.115,0.733361519937424,"2,003.37",6.1,0.0,86.9,54.1,1.1,31.6
140,140,2014-09-01,165.90099999999998,2.52381981441982,0.0,0.0,3.933,137.2,4.1625,0.733361519937424,"1,972.29",5.9,0.0,88.5,56.9,0.7,31.0
141,141,2014-10-01,166.637,2.52381981441982,0.0,0.0,3.761,136.6,4.036,0.733361519937424,"2,018.05",5.7,7.0,83.7,57.6,0.6,25.5
142,142,2014-11-01,167.331,2.52381981441982,0.0,0.0,2.883,137.1,3.9975,0.733361519937424,"2,067.56",5.8,0.0,71.9,53.6,1.0,17.2
143,143,2014-12-01,168.045,2.52381981441982,0.0,0.0,1.533,135.9,3.864,0.733361519937424,"2,058.90",5.6,0.0,89.5,64.5,0.6,24.5
144,144,2015-01-01,168.625,2.94555045455233,0.0,0.0,-0.541,136.1,3.67,0.73621730882542,"1,994.99",5.7,7.1,65.1,45.3,0.5,19.4
145,145,2015-02-01,169.122,2.94555045455233,0.0,0.0,-0.205,138.6,3.71,0.73621730882542,"2,104.50",5.5,0.0,59.3,41.8,1.2,16.3
146,146,2015-03-01,169.793,2.94555045455233,0.0,0.0,-0.052,138.6,3.77,0.73621730882542,"2,067.89",5.4,0.0,60.5,44.7,0.9,15.0
147,147,2015-04-01,170.292,2.94555045455233,0.0,0.0,-0.246,137.7,3.672,0.73621730882542,"2,085.51",5.4,6.8,77.1,53.3,1.0,22.8
148,148,2015-05-01,170.875,2.94555045455233,0.0,0.0,0.083,138.7,3.84,0.73621730882542,"2,107.39",5.6,0.0,83.9,54.2,0.6,29.2
149,149,2015-06-01,171.476,2.94555045455233,0.0,0.0,0.426,138.4,3.9825,0.73621730882542,"2,063.11",5.3,0.0,85.4,55.7,0.8,28.9
150,150,2015-07-01,172.146,2.94555045455233,0.0,0.0,0.536,139.8,4.046,0.73621730882542,"2,103.84",5.2,7.3,86.3,52.1,1.1,33.2
151,151,2015-08-01,172.93,2.94555045455233,0.0,0.0,0.573,138.3,3.905,0.73621730882542,"1,972.18",5.1,0.0,92.1,58.6,0.8,32.7
152,152,2015-09-01,173.82299999999998,2.94555045455233,0.0,0.0,0.021,136.9,3.89,0.73621730882542,"1,920.03",5.0,0.0,92.6,58.0,0.7,33.9
153,153,2015-10-01,174.787,2.94555045455233,0.0,0.0,0.303,136.3,3.796,0.73621730882542,"2,079.36",5.0,7.0,89.5,60.0,0.8,28.7
154,154,2015-11-01,175.733,2.94555045455233,0.0,0.0,1.034,137.5,3.9425,0.73621730882542,"2,080.41",5.1,0.0,80.9,55.2,1.1,24.6
155,155,2015-12-01,176.53599999999997,2.94555045455233,0.0,0.0,1.509,137.2,3.964,0.73621730882542,"2,043.94",5.0,0.0,95.6,69.0,0.8,25.8
156,156,2016-01-01,177.261,1.81945147474293,0.0,0.0,2.905,136.4,3.8725,0.724676067451429,"1,940.24",4.8,7.0,72.5,46.7,1.2,24.6
157,157,2016-02-01,177.639,1.81945147474293,0.0,0.0,1.994,137.8,3.66,0.724676067451429,"1,932.23",4.9,0.0,71.2,51.4,1.4,18.3
158,158,2016-03-01,178.15599999999998,1.81945147474293,0.0,0.0,2.104,136.7,3.694,0.724676067451429,"2,059.74",5.0,0.0,78.8,55.4,0.7,22.7
159,159,2016-04-01,178.757,1.81945147474293,0.0,0.0,2.77,137.8,3.605,0.724676067451429,"2,065.30",5.1,6.7,73.8,55.6,0.7,17.6
160,160,2016-05-01,179.419,1.81945147474293,0.0,0.0,2.556,138.5,3.6,0.724676067451429,"2,096.95",4.8,0.0,83.5,60.2,0.7,22.6
161,161,2016-06-01,180.088,1.81945147474293,0.0,0.0,2.565,140.9,3.568,0.724676067451429,"2,098.86",4.9,0.0,97.9,65.9,0.8,31.2
162,162,2016-07-01,180.847,1.81945147474293,1463007.0,1463007.0,2.067,139.7,3.44,0.724676067451429,"2,173.60",4.8,6.8,93.4,61.2,0.7,31.5
163,163,2016-08-01,181.836,1.81945147474293,1460048.0,-2959.0,2.512,140.5,3.435,0.724676067451429,"2,170.95",4.9,0.0,98.0,66.0,0.9,31.1
164,164,2016-09-01,182.81,1.81945147474293,1443081.0,-16967.0,3.678,139.4,3.46,0.724676067451429,"2,168.27",5.0,0.0,90.2,63.7,1.3,25.3
165,165,2016-10-01,183.738,1.81945147474293,1407698.0,-35383.0,4.008,138.0,3.47,0.724676067451429,"2,126.15",4.9,6.9,96.7,70.0,0.6,26.1
166,166,2016-11-01,184.748,1.81945147474293,1339703.0,-67995.0,4.009,138.9,3.77,0.724676067451429,"2,198.81",4.7,0.0,100.0,67.3,0.8,31.9
167,167,2016-12-01,185.71,1.81945147474293,1235985.0,-103718.0,4.876,139.8,4.198,0.724676067451429,"2,238.83",4.7,0.0,103.6,75.0,0.6,28.0
168,168,2017-01-01,186.792,2.45762230356996,1154120.0,-81865.0,5.966,140.1,4.15,0.63264399508256,"2,278.87",4.7,7.0,74.6,55.0,0.3,19.4
169,169,2017-02-01,187.31,2.45762230356996,1151120.0,-3000.0,6.67,140.3,4.1675,0.63264399508256,"2,363.64",4.6,0.0,78.9,52.7,1.1,25.1
170,170,2017-03-01,187.988,2.45762230356996,1172713.0,21593.0,5.812,142.9,4.196,0.63264399508256,"2,362.72",4.4,0.0,92.0,62.4,1.3,28.3
171,171,2017-04-01,188.719,2.45762230356996,1198424.0,25711.0,5.201,141.1,4.045,0.63264399508256,"2,384.20",4.4,7.3,83.4,60.1,1.6,21.7
172,172,2017-05-01,189.607,2.45762230356996,1253854.0,55430.0,4.447,142.2,4.01,0.63264399508256,"2,411.80",4.4,0.0,98.1,66.9,1.0,30.3
173,173,2017-06-01,190.516,2.45762230356996,1292371.0,38517.0,3.941,142.6,3.904,0.63264399508256,"2,423.41",4.3,0.0,109.9,71.3,1.1,37.5
174,174,2017-07-01,191.462,2.45762230356996,1322659.0,30288.0,4.142,143.1,3.9675,0.63264399508256,"2,470.30",4.3,7.5,102.2,69.4,0.6,32.1
175,175,2017-08-01,192.646,2.45762230356996,1325358.0,2699.0,4.638,144.9,3.88,0.63264399508256,"2,471.65",4.4,0.0,102.1,65.6,0.3,36.2
176,176,2017-09-01,193.741,2.45762230356996,1308607.0,-16751.0,5.259,142.2,3.805,0.63264399508256,"2,519.36",4.3,0.0,96.2,68.2,0.7,27.3
177,177,2017-10-01,194.788,2.45762230356996,1287322.0,-21285.0,4.885,143.1,3.895,0.63264399508256,"2,575.26",4.2,6.9,106.9,73.3,0.6,33.1
178,178,2017-11-01,195.941,2.45762230356996,1228077.0,-59245.0,5.258,143.5,3.922,0.63264399508256,"2,647.58",4.2,0.0,95.1,68.1,1.1,26.0
179,179,2017-12-01,197.161,2.45762230356996,1127799.0,-100278.0,5.168,145.7,3.95,0.63264399508256,"2,673.61",4.1,0.0,113.4,82.4,1.2,29.8
180,180,2018-01-01,198.301,2.96650507100425,1043951.0,-83848.0,5.241,145.2,4.032500000000001,0.526435395564053,"2,823.81",4.0,7.0,84.0,59.8,0.7,23.5
181,181,2018-02-01,199.228,2.96650507100425,1045153.0,1202.0,5.523,147.1,4.33,0.526435395564053,"2,713.83",4.1,0.0,88.6,61.3,0.4,26.9
182,182,2018-03-01,199.966,2.96650507100425,1067281.0,22128.0,5.685,147.9,4.444,0.526435395564053,"2,640.87",4.0,0.0,94.9,67.1,0.8,27.0
183,183,2018-04-01,200.661,2.96650507100425,1102064.0,34783.0,6.034,150.0,4.4675,0.526435395564053,"2,648.05",4.0,6.8,94.7,61.0,0.9,32.8
184,184,2018-05-01,201.424,2.96650507100425,1156910.0,54846.0,6.788,151.4,4.586,0.526435395564053,"2,705.27",3.8,0.0,105.7,74.1,1.0,30.6
185,185,2018-06-01,202.239,2.96650507100425,1216504.0,59594.0,6.855,153.3,4.57,0.526435395564053,"2,718.37",4.0,0.0,108.6,75.6,0.7,32.2
186,186,2018-07-01,202.91,2.96650507100425,1261916.0,45412.0,6.971,154.4,4.5275,0.526435395564053,"2,816.29",3.8,7.1,101.9,67.6,0.5,33.7
187,187,2018-08-01,203.656,2.96650507100425,1285666.0,23750.0,6.48,151.9,4.55,0.526435395564053,"2,901.52",3.8,0.0,113.9,83.6,0.5,29.9
188,188,2018-09-01,204.313,2.96650507100425,1301922.0,16256.0,5.747,151.5,4.6275,0.526435395564053,"2,913.98",3.7,0.0,100.9,72.7,0.8,27.3
189,189,2018-10-01,205.079,2.96650507100425,1304682.0,2760.0,6.146,152.2,4.83,0.526435395564053,"2,711.74",3.8,6.6,100.2,75.5,0.8,23.9
190,190,2018-11-01,205.652,2.96650507100425,1273047.0,-31635.0,5.31,149.8,4.866,0.526435395564053,"2,760.17",3.8,0.0,91.9,66.9,0.9,24.1
191,191,2018-12-01,206.142,2.96650507100425,1185865.0,-87182.0,4.962,151.0,4.6375,0.526435395564053,"2,506.85",3.9,0.0,99.6,74.9,0.9,23.7
192,192,2019-01-01,206.535,2.46703756313913,1110636.0,-75229.0,3.702,148.1,4.464,0.455381285963537,"2,704.10",4.0,7.0,87.2,64.2,0.2,22.8
193,193,2019-02-01,206.86,2.46703756313913,1102660.0,-7976.0,3.79,148.4,4.37,0.455381285963537,"2,784.49",3.8,0.0,92.1,57.6,1.2,33.3
194,194,2019-03-01,207.08,2.46703756313913,1115940.0,13280.0,4.7,152.0,4.265,0.455381285963537,"2,834.40",3.8,0.0,104.9,75.2,1.0,28.7
195,195,2019-04-01,207.533,2.46703756313913,1137198.0,21258.0,5.006,155.8,4.1425,0.455381285963537,"2,945.83",3.7,6.8,103.4,72.4,0.9,30.1
196,196,2019-05-01,208.15,2.46703756313913,1180920.0,43722.0,4.504,150.2,4.072,0.455381285963537,"2,752.06",3.6,0.0,103.3,74.6,0.4,28.4
197,197,2019-06-01,208.644,2.46703756313913,1219807.0,38887.0,4.195,148.6,3.8025,0.455381285963537,"2,941.76",3.6,0.0,103.9,76.9,1.0,26.0
198,198,2019-07-01,209.249,2.46703756313913,1239534.0,19727.0,4.588,151.7,3.765,0.455381285963537,"2,980.38",3.7,6.8,108.5,75.9,1.1,31.6
199,199,2019-08-01,210.023,2.46703756313913,1235257.0,-4277.0,4.373,152.1,3.616,0.455381285963537,"2,926.46",3.6,0.0,116.8,83.3,1.0,32.5
200,200,2019-09-01,210.836,2.46703756313913,1224868.0,-10389.0,4.248,155.0,3.605,0.455381285963537,"2,976.74",3.5,0.0,96.3,72.9,0.2,23.2
201,201,2019-10-01,211.729,2.46703756313913,1208311.0,-16557.0,4.383,152.4,3.688,0.455381285963537,"3,037.56",3.6,6.4,114.1,84.0,0.5,29.6
202,202,2019-11-01,212.771,2.46703756313913,1143332.0,-64979.0,5.285,152.2,3.695,0.455381285963537,"3,140.98",3.6,0.0,101.4,78.7,0.8,22.0
203,203,2019-12-01,213.938,2.46703756313913,1033887.0,-109445.0,5.863,153.1,3.72,0.455381285963537,"3,230.78",3.6,0.0,123.1,87.6,0.6,34.9
204,204,2020-01-01,215.031,-2.21346933290643,951675.0,-82212.0,6.345,153.5,3.624,0.968999515833015,"3,225.52",3.6,6.6,90.2,62.5,0.7,27.0
205,205,2020-02-01,215.897,-2.21346933290643,928343.0,-23332.0,5.927,152.2,3.4650000000000003,0.968999515833015,"2,954.22",3.5,0.0,90.8,70.8,0.6,19.4
206,206,2020-03-01,216.457,-2.21346933290643,937319.0,8976.0,3.873,153.0,3.45,0.968999515833015,"2,584.59",4.4,0.0,101.7,72.3,0.6,28.7
207,207,2020-04-01,216.858,-2.21346933290643,941733.0,4414.0,0.893,155.7,3.306,0.968999515833015,"2,912.43",14.8,5.7,94.6,69.3,0.7,24.6
208,208,2020-05-01,216.999,-2.21346933290643,928370.0,-13363.0,0.552,153.5,3.2325,0.968999515833015,"3,044.31",13.2,0.0,98.5,69.5,1.2,27.7
209,209,2020-06-01,217.577,-2.21346933290643,871557.0,-56813.0,1.791,160.7,3.1625,0.968999515833015,"3,100.29",11.0,0.0,110.7,81.8,0.4,28.5
210,210,2020-07-01,219.287,-2.21346933290643,822834.0,-48723.0,2.606,163.9,3.016,0.968999515833015,"3,271.12",10.2,6.4,117.1,79.5,0.9,36.7
211,211,2020-08-01,222.26,-2.21346933290643,779558.0,-43276.0,3.33,179.8,2.935,0.968999515833015,"3,500.31",8.4,0.0,111.2,78.9,0.9,31.3
212,212,2020-09-01,225.723,-2.21346933290643,749395.0,-30163.0,3.521,197.6,2.89,0.968999515833015,"3,363.00",7.8,0.0,121.1,78.6,1.0,41.4
213,213,2020-10-01,229.649,-2.21346933290643,734040.0,-15355.0,3.094,196.4,2.834,0.968999515833015,"3,269.96",6.8,6.5,120.8,80.7,1.4,38.8
214,214,2020-11-01,233.218,-2.21346933290643,683822.0,-50218.0,3.016,177.5,2.765,0.968999515833015,"3,621.63",6.7,0.0,99.8,75.6,0.8,23.4
215,215,2020-12-01,236.542,-2.21346933290643,612300.0,-71522.0,3.375,177.6,2.684,0.968999515833015,"3,756.07",6.7,0.0,130.5,92.0,1.2,37.3
216,216,2021-01-01,239.68,5.8002061284573,531775.0,-80525.0,3.612,189.7,2.735,0.157342694282194,"3,714.24",6.4,6.8,93.7,72.2,0.3,21.1
217,217,2021-02-01,242.428,5.8002061284573,464919.0,-66856.0,4.337,194.9,2.81,0.157342694282194,"3,811.15",6.2,0.0,94.6,72.5,0.6,21.5
218,218,2021-03-01,245.541,5.8002061284573,440589.0,-24330.0,6.76,198.9,3.0825,0.157342694282194,"3,972.89",6.1,0.0,120.5,83.9,0.5,36.1
219,219,2021-04-01,249.125,5.8002061284573,435663.0,-4926.0,10.626,213.3,3.06,0.157342694282194,"4,181.17",6.1,6.2,112.4,78.9,0.2,33.3
220,220,2021-05-01,253.419,5.8002061284573,447662.0,11999.0,12.604,235.1,2.9625,0.157342694282194,"4,204.11",5.8,0.0,112.0,80.3,0.4,31.4
221,221,2021-06-01,258.246,5.8002061284573,492425.0,44763.0,13.66,251.7,2.975,0.157342694282194,"4,297.50",5.9,0.0,115.9,80.9,0.7,34.4
222,222,2021-07-01,262.616,5.8002061284573,546686.0,54261.0,13.586,229.959,2.868,0.157342694282194,"4,395.26",5.4,5.8,121.4,78.5,1.3,41.5
223,223,2021-08-01,266.582,5.8002061284573,574638.0,27952.0,13.423,212.302,2.8425,0.157342694282194,"4,522.68",5.1,0.0,117.6,83.0,0.6,34.0
224,224,2021-09-01,270.166,5.8002061284573,578070.0,3432.0,13.936,204.828,2.9,0.157342694282194,"4,307.54",4.7,0.0,103.0,79.0,0.6,23.4
225,225,2021-10-01,273.546,5.8002061284573,565707.0,-12363.0,16.185,204.302,3.0675,0.157342694282194,"4,605.38",4.5,5.6,110.8,83.0,1.2,26.6
226,226,2021-11-01,277.262,5.8002061284573,512241.0,-53466.0,17.904,196.066,3.0675,0.157342694282194,"4,567.00",4.1,0.0,111.7,78.2,0.7,32.8
227,227,2021-12-01,281.486,5.8002061284573,445303.0,-66938.0,18.803,199.89,3.098,0.157342694282194,"4,766.18",3.9,0.0,127.3,99.2,0.5,27.6
228,228,2022-01-01,286.172,1.93549589483209,376970.0,-68333.0,19.872,217.684,3.4450000000000003,0.367472693654024,"4,515.55",4.0,5.8,87.1,65.6,0.9,20.6
229,229,2022-02-01,291.242,1.93549589483209,346511.0,-30459.0,20.952,235.392,3.7625,0.367472693654024,"4,373.94",3.8,0.0,98.6,78.6,0.5,19.5
230,230,2022-03-01,296.512,1.93549589483209,354016.0,7505.0,22.643,259.213,4.172,0.367472693654024,"4,530.41",3.6,0.0,112.7,87.9,0.9,23.9
231,231,2022-04-01,300.584,1.93549589483209,379978.0,25962.0,22.012,255.198,4.9825,0.367472693654024,"4,131.93",3.7,5.6,107.4,81.2,1.2,25.0
232,232,2022-05-01,303.704,1.93549589483209,479462.0,99484.0,22.907,246.398,5.23,0.367472693654024,"4,132.15",3.6,0.0,120.9,87.1,0.5,33.3
233,233,2022-06-01,304.468,1.93549589483209,573650.0,94188.0,24.332,232.225,5.522,0.367472693654024,"3,785.38",3.6,0.0,122.4,87.5,0.6,34.3
234,234,2022-07-01,303.505,1.93549589483209,691652.0,118002.0,22.983,223.55,5.4125,0.367472693654024,"4,130.29",3.5,6.0,123.5,82.9,0.5,40.2
235,235,2022-08-01,301.029,1.93549589483209,726779.0,35127.0,22.42,212.657,5.2225,0.367472693654024,"3,955.00",3.6,0.0,122.2,90.0,0.7,31.6
236,236,2022-09-01,299.006,1.93549589483209,731496.0,4717.0,22.454,206.378,6.112,0.367472693654024,"3,585.62",3.5,0.0,120.4,88.5,0.2,31.8
237,237,2022-10-01,298.612,1.93549589483209,752741.0,21245.0,21.429,209.471,6.9,0.367472693654024,"3,871.98",3.6,5.8,118.1,84.7,1.5,31.9
238,238,2022-11-01,298.332,1.93549589483209,750200.0,-2541.0,19.849,210.49,6.805,0.367472693654024,"4,080.11",3.6,0.0,125.1,91.3,0.7,33.1
239,239,2022-12-01,297.628,1.93549589483209,680925.0,-69275.0,18.004,200.109,6.364,0.367472693654024,"3,839.50",3.5,0.0,132.0,96.8,1.3,33.9
240,240,2023-01-01,297.43,2.54270029878489,616865.0,-64060.0,17.966,202.84,6.2725,0.491924871690548,"4,076.60",3.4,6.4,94.8,71.0,0.6,23.2
241,241,2023-02-01,297.73900000000003,2.54270029878489,579264.0,-37601.0,16.974,211.059,6.2575,0.491924871690548,"3,970.15",3.6,0.0,111.7,76.9,0.4,34.4
242,242,2023-03-01,298.796,2.54270029878489,562444.0,-16820.0,14.191,210.11,6.544,0.491924871690548,"4,109.31",3.5,0.0,126.4,87.2,1.0,38.2
243,243,2023-04-01,300.262,2.54270029878489,562966.0,522.0,14.268,210.049,6.342499999999999,0.491924871690548,"4,169.48",3.4,6.3,111.3,77.4,1.3,32.6
244,244,2023-05-01,302.48900000000003,2.54270029878489,582441.0,19475.0,12.006,207.698,6.425,0.491924871690548,"4,179.83",3.7,0.0,129.6,84.4,1.6,43.7
245,245,2023-06-01,304.343,2.54270029878489,614326.0,31885.0,9.007,208.814,6.714,0.491924871690548,"4,450.38",3.6,0.0,131.1,87.2,0.7,43.2
246,246,2023-07-01,306.451,2.54270029878489,647135.0,32809.0,9.651,212.644,6.84,0.491924871690548,"4,588.96",3.5,6.6,115.7,83.0,0.9,31.8
247,247,2023-08-01,308.83,2.54270029878489,669750.0,22615.0,10.978,208.731,7.072,0.491924871690548,"4,507.66",3.8,0.0,122.1,82.4,1.1,38.6
248,248,2023-09-01,310.894,2.54270029878489,702430.0,32680.0,10.947,209.372,7.2,0.491924871690548,"4,288.05",3.8,0.0,123.0,83.8,0.8,38.4
249,249,2023-10-01,312.756,2.54270029878489,738082.0,35652.0,9.668,209.476,7.62,0.491924871690548,"4,193.80",3.8,6.6,118.6,85.2,1.1,32.3
250,250,2023-11-01,313.632,2.54270029878489,755489.0,17407.0,9.376,206.088,7.442,0.491924871690548,"4,567.80",3.7,0.0,116.4,79.1,1.3,36.0
251,251,2023-12-01,314.443,2.54270029878489,714176.0,-41313.0,9.93,206.408,6.815,0.491924871690548,"4,769.83",3.7,0.0,151.8,104.8,0.9,46.2
252,252,2024-01-01,315.728,0.0,665569.0,-48607.0,9.329,205.732,6.6425,0.0,"4,845.65",3.7,6.6,0.0,0.0,0.0,0.0
253,253,2024-02-01,317.257,0.0,664716.0,-853.0,9.545,213.877,6.776000000000001,0.0,"5,096.27",3.9,0.0,0.0,0.0,0.0,0.0
254,254,2024-03-01,318.217,0.0,694820.0,30104.0,10.486,215.136,6.82,0.0,"5,254.35",3.8,0.0,0.0,0.0,0.0,0.0
255,255,2024-04-01,319.048,0.0,734318.0,39498.0,10.175,218.505,6.9925,0.0,"5,035.69",3.9,0.0,0.0,0.0,0.0,0.0
